Workbook

Sheet Sheet2
B1: INPUT
B2: 입력1 | C2: 전용 면적 (평)
B3: 전용 면적(평) (선택) | C3: 32
B4: 히트펌프 열용량(kW) | C4: =IF(C3<=14,8,IF(C3<=25,12,IF(C3<=40,16,20))) -> 16
B5: 필요 공간 | C5: =IF(C3<=14,"냉장고 크기", IF(C3<=25,"워시타워 설치 공간",IF(C3<=35,"보일러실 공간","보일러실 공간 이상"))) -> 보일러실 공간
B7: 입력2 | C7: 현재 난방기기
B8: 난방기기(선택) | C8: 가스 콘덴싱보일러 | E8: 가스 콘덴싱보일러 | F8: 가스 일반보일러 | G8: 등유 보일러 | H8: LPG 보일러 | I8: 히트펌프(2025년) | J8: 히트펌프(2038년)
B9: 기기 효율 | E9: 0.92 | F9: 0.83 | G9: 0.82 | H9: 0.9 | I9: =O51*100% -> 2.8619392 | J9: =O51*100% -> 2.8619392
B10: 기기 온실가스 배출계수(tCO2eq/MWh) | E10: 0.21847826 | F10: 0.24216867 | G10: 0.30634828 | H10: 0.25555556 | I10: =0.4173/I9 -> 0.14581023 | J10: =(83.1/624.5)/J9 -> 0.046495207
B12: 입력3 | C12: 취사기기
B13: 취사기기(선택) | C13: 인덕션(전기) | E13: 도시가스 | F13: LPG | G13: 인덕션(전기)
B14: 전체 사용량 대비 난방 비중 | C14: =IF(OR(TRIM(C13)="도시가스",TRIM(C13)="LPG"),84.75%,100%) -> 1
B16: 입력4 | C16: 난방요금 | D16: 주) 1월만 입력하게 하고 월별 난방비중으로 추정
C17: 1월 | D17: 2월 | E17: 3월 | F17: 4월 | G17: 5월 | H17: 6월 | I17: 7월 | J17: 8월 | K17: 9월 | L17: 10월 | M17: 11월 | N17: 12월 | O17: 계
B18: 월별 난방요금(입력) | C18: 300000 | D18: =$C$18/$C$20*D20 -> 275767.18 | E18: =$C$18/$C$20*E20 -> 237111.22 | F18: =$C$18/$C$20*F20 -> 111382.24 | G18: =$C$18/$C$20*G20 -> 73454.72 | H18: =$C$18/$C$20*H20 -> 57283.321 | I18: =$C$18/$C$20*I20 -> 41403.298 | J18: =$C$18/$C$20*J20 -> 42180.302 | K18: =$C$18/$C$20*K20 -> 66413.12 | ... N18: =$C$18/$C$20*N20 -> 200125.64 | O18: =SUM(C18:N18) -> 1620551.6
B19: 지역 (선택) | C19: 전라북도 | D19: 전주시
B20: 월별 난방비중 | C20: =_xlfn.XLOOKUP($C$19, Sheet3!$A$2:$A$19, Sheet3!C$2:C$19, "") -> 0.18512215 | D20: =_xlfn.XLOOKUP($C$19, Sheet3!$A$2:$A$19, Sheet3!D$2:D$19, "") -> 0.17016871 | E20: =_xlfn.XLOOKUP($C$19, Sheet3!$A$2:$A$19, Sheet3!E$2:E$19, "") -> 0.14631513 | F20: =_xlfn.XLOOKUP($C$19, Sheet3!$A$2:$A$19, Sheet3!F$2:F$19, "") -> 0.068731063 | G20: =_xlfn.XLOOKUP($C$19, Sheet3!$A$2:$A$19, Sheet3!G$2:G$19, "") -> 0.045326986 | H20: =_xlfn.XLOOKUP($C$19, Sheet3!$A$2:$A$19, Sheet3!H$2:H$19, "") -> 0.035348038 | I20: =_xlfn.XLOOKUP($C$19, Sheet3!$A$2:$A$19, Sheet3!I$2:I$19, "") -> 0.025548892 | J20: =_xlfn.XLOOKUP($C$19, Sheet3!$A$2:$A$19, Sheet3!J$2:J$19, "") -> 0.026028361 | ... N20: =_xlfn.XLOOKUP($C$19, Sheet3!$A$2:$A$19, Sheet3!N$2:N$19, "") -> 0.1234923
B22: 입력5 | C22: 전기요금 | D22: 주) 1월만 입력하게 하고 월별 난방비중으로 추정
C23: 1월 | D23: 2월 | E23: 3월 | F23: 4월 | G23: 5월 | H23: 6월 | I23: 7월 | J23: 8월 | K23: 9월 | L23: 10월 | M23: 11월 | N23: 12월
B24: 월별 전기사용량(입력) | C24: 1500 | D24: =$C$24/$C$25*D25 -> 1510.5769 | E24: =$C$24/$C$25*E25 -> 1313.2115 | F24: =$C$24/$C$25*F25 -> 1318.2304 | G24: =$C$24/$C$25*G25 -> 1237.326 | H24: =$C$24/$C$25*H25 -> 1319.5808 | I24: =$C$24/$C$25*I25 -> 1697.9813 | J24: =$C$24/$C$25*J25 -> 2133.4285 | K24: =$C$24/$C$25*K25 -> 1963.8835 | ... N24: =$C$24/$C$25*N25 -> 1380.746 | O24: =SUM(C24:N24) -> 18090.444
B25: 월별 전기요금 비중 | C25: 0.082916702 | D25: 0.083501369 | E25: 0.072591447 | F25: 0.072868879 | G25: 0.068396663 | H25: 0.072943525 | I25: 0.093860674 | J25: 0.11793124 | K25: 0.10855916 | L25: 0.076865317 | M25: 0.073240423 | N25: 0.076324601
B27: 입력6 | C27: 태양광
B28: 태양광 설치 유무(선택) | C28: 유/무
B29: 설치 용량(입력)(kW) | C29: 0
B32: OUTPUT
B33: 결과1 | C33: TCO
C34: 도시가스(콘덴싱) | D34: 전기
B35: 설치비(원) | C35: 1000000 | D35: 10000000
B36: 보조금(%) | D36: 0.7
B37: 순 비용(원) | D37: =D35*(1-D36) -> 3000000
B39: 요금 체계(부가세 포함) | C39: 도시가스(콘덴싱) | D39: 도시가스(일반) | E39: 등유 | F39: LPG
B40: 기본요금(원) | C40: =1250*1.1 -> 1375 | D40: =1250*1.1 -> 1375 | E40: 0 | F40: 0
B41: 사용요금(기존 단위)(가스: 원/MJ, 등유: 원/L, LPG: 원/kg) | C41: =22.3617*1.1 -> 24.59787 | D41: =22.3617*1.1 -> 24.59787 | E41: 1323.16 | F41: 1417.54
B42: 사용요금(원/KWh) | C42: =C41*3.6 -> 88.552332 | D42: =D41*3.6 -> 88.552332 | E42: =E41/(D86/3.6) -> 130.14689 | F42: =F41/(D87/3.6) -> 101.65625
B43: 실제 난방 에너지 사용량(kWh) | C43: =((O18-C40*12)/C42)*C14 -> 18114.166 | D43: =((O18-D40*12)/D42)*C14 -> 18114.166 | E43: =($O$18/E42) -> 12451.713 | F43: =($O$18/F42) -> 15941.485
B44: 유효 열 수요(kWh)(히트펌프 전환 계산용) | C44: =(((O18-C40*12)/C42)*C14)*E9 -> 16665.033 | D44: =(((O18-D40*12)/D42)*C14)*F9 -> 15034.758 | E44: =($O$18/E42)*G9 -> 10210.404 | F44: =($O$18/F42)*H9 -> 14347.336
C45: 1월 | D45: 2월 | E45: 3월 | F45: 4월 | G45: 5월 | H45: 6월 | I45: 7월 | J45: 8월 | K45: 9월 | L45: 10월 | M45: 11월 | N45: 12월
B46: 도시가스(컨덴싱) | C46: =$C$44*C$20 -> 3085.0666 | D46: =$C$44*D$20 -> 2835.8671 | E46: =$C$44*E$20 -> 2438.3464 | F46: =$C$44*F$20 -> 1145.4054 | G46: =$C$44*G$20 -> 755.37569 | H46: =$C$44*H$20 -> 589.07621 | I46: =$C$44*I$20 -> 425.77311 | J46: =$C$44*J$20 -> 433.76348 | ... N46: =$C$44*N$20 -> 2058.0031
B47: 도시가스(일반) | C47: =$D$44*C$20 -> 2783.2666 | D47: =$D$44*D$20 -> 2558.4453 | E47: =$D$44*E$20 -> 2199.8125 | F47: =$D$44*F$20 -> 1033.3549 | G47: =$D$44*G$20 -> 681.48024 | H47: =$D$44*H$20 -> 531.44919 | I47: =$D$44*I$20 -> 384.12139 | J47: =$D$44*J$20 -> 391.33009 | ... N47: =$D$44*N$20 -> 1856.6768
B48: 등유 | C48: =$E$44*C$20 -> 1890.172 | D48: =$E$44*D$20 -> 1737.4914 | E48: =$E$44*E$20 -> 1493.9367 | F48: =$E$44*F$20 -> 701.77195 | G48: =$E$44*G$20 -> 462.80685 | H48: =$E$44*H$20 -> 360.91776 | I48: =$E$44*I$20 -> 260.86452 | J48: =$E$44*J$20 -> 265.76009 | ... N48: =$E$44*N$20 -> 1260.9063
B49: LPG | C49: =$F$44*C$20 -> 2656.0097 | D49: =$F$44*D$20 -> 2441.4677 | E49: =$F$44*E$20 -> 2099.2324 | F49: =$F$44*F$20 -> 986.10767 | G49: =$F$44*G$20 -> 650.3215 | H49: =$F$44*H$20 -> 507.15019 | I49: =$F$44*I$20 -> 366.55854 | J49: =$F$44*J$20 -> 373.43764 | ... N49: =$F$44*N$20 -> 1771.7855
A50: 지역구분 | B50: =_xlfn.LET( _xlpm.sido,$C$19, _xlpm.sgg,$D$19, IF( OR(ISNUMBER(MATCH(_xlpm.sido,{"제주","제주도","제주특별자치도"},0)),ISNUMBER(MATCH(_xlpm.sgg,{"제주시","서귀포시"},0))), "제주", IF( OR( ISNUMBER(MATCH(_xlpm.sido,{"부산","부산광역시","대구","대구광역시","울산","울산광역시","광주","광주광역시","전남","전라남도"},0)), AND(ISNUMBER(MATCH(_xlpm.sido,{"경북","경상북도"},0)),ISNUMBER(MATCH(_xlpm.sgg,{"울진군","영덕군","포항시","경주시","청도군","경산시"},0))), AND(ISNUMBER(MATCH(_xlpm.sido,{"경남","경상남도"},0)),NOT(ISNUMBER(MATCH(_xlpm.sgg,{"거창군","함양군"},0)))) ), "남부", IF( OR( AND(ISNUMBER(MATCH(_xlpm.sido,{"강원","강원도"},0)),NOT(ISNUMBER(MATCH(_xlpm.sgg,{"고성군","속초시","양양군","강릉시","동해시","삼척시"},0)))), AND(ISNUMBER(MATCH(_xlpm.sido,{"경기","경기도"},0)),ISNUMBER(MATCH(_xlpm.sgg,{"연천군","포천시","가평군","남양주시","의정부시","양주시","동두천시","파주시"},0))), AND(ISNUMBER(MATCH(_xlpm.sido,{"충북","충청북도"},0)),_xlpm.sgg="제천시"), AND(ISNUMBER(MATCH(_xlpm.sido,{"경북","경상북도"},0)),ISNUMBER(MATCH(_xlpm.sgg,{"봉화군","청송군"},0))) ), "중부1", IF( OR( ISNUMBER(MATCH(_xlpm.sido,{"서울","서울특별시","대전","대전광역시","세종","세종특별자치시","인천","인천광역시","충남","충청남도","전북","전라북도"},0)), AND(ISNUMBER(MATCH(_xlpm.sido,{"강원","강원도"},0)),ISNUMBER(MATCH(_xlpm.sgg,{"고성군","속초시","양양군","강릉시","동해시","삼척시"},0))), AND(ISNUMBER(MATCH(_xlpm.sido,{"경기","경기도"},0)),NOT(ISNUMBER(MATCH(_xlpm.sgg,{"연천군","포천시","가평군","남양주시","의정부시","양주시","동두천시","파주시"},0)))), AND(ISNUMBER(MATCH(_xlpm.sido,{"충북","충청북도"},0)),_xlpm.sgg<>"제천시"), AND(ISNUMBER(MATCH(_xlpm.sido,{"경북","경상북도"},0)),NOT(ISNUMBER(MATCH(_xlpm.sgg,{"봉화군","청송군","울진군","영덕군","포항시","경주시","청도군","경산시"},0)))), AND(ISNUMBER(MATCH(_xlpm.sido,{"경남","경상남도"},0)),ISNUMBER(MATCH(_xlpm.sgg,{"거창군","함양군"},0))) ), "중부2", "" ) ) ) ) ) -> 중부2
B51: 월별 COP | C51: =CHOOSE(MATCH($B$50,{"중부1","중부2","남부","제주"},0),COP_계산기!C14,COP_계산기!C18,COP_계산기!C22,COP_계산기!C26) -> 2.5985915 | D51: =CHOOSE(MATCH($B$50,{"중부1","중부2","남부","제주"},0),COP_계산기!D14,COP_계산기!D18,COP_계산기!D22,COP_계산기!D26) -> 2.7232472 | E51: =CHOOSE(MATCH($B$50,{"중부1","중부2","남부","제주"},0),COP_계산기!E14,COP_계산기!E18,COP_계산기!E22,COP_계산기!E26) -> 3.043299 | F51: =CHOOSE(MATCH($B$50,{"중부1","중부2","남부","제주"},0),COP_계산기!F14,COP_계산기!F18,COP_계산기!F22,COP_계산기!F26) -> 3.5311005 | G51: =CHOOSE(MATCH($B$50,{"중부1","중부2","남부","제주"},0),COP_계산기!G14,COP_계산기!G18,COP_계산기!G22,COP_계산기!G26) -> 4.0438356 | H51: =CHOOSE(MATCH($B$50,{"중부1","중부2","남부","제주"},0),COP_계산기!H14,COP_계산기!H18,COP_계산기!H22,COP_계산기!H26) -> 4.6125 | I51: =CHOOSE(MATCH($B$50,{"중부1","중부2","남부","제주"},0),COP_계산기!I14,COP_계산기!I18,COP_계산기!I22,COP_계산기!I26) -> 5.1608392 | J51: =CHOOSE(MATCH($B$50,{"중부1","중부2","남부","제주"},0),COP_계산기!J14,COP_계산기!J18,COP_계산기!J22,COP_계산기!J26) -> 5.2903226 | ... N51: =CHOOSE(MATCH($B$50,{"중부1","중부2","남부","제주"},0),COP_계산기!N14,COP_계산기!N18,COP_계산기!N22,COP_계산기!N26) -> 2.7082569 | O51: =CHOOSE(MATCH($B$50,{"중부1","중부2","남부","제주"},0),COP_계산기!P12,COP_계산기!P16,COP_계산기!P20,COP_계산기!P24) -> 2.8619392
A53: 전력 사용량 | B53: 월별 kWh
B54: 도시가스(컨덴싱)->HP | C54: =C46/C$51 -> 1187.2072 | D54: =D46/D$51 -> 1041.355 | E54: =E46/E$51 -> 801.21817 | F54: =F46/F$51 -> 324.37633 | G54: =G46/G$51 -> 186.79683 | H54: =H46/H$51 -> 127.713 | I54: =I46/I$51 -> 82.500752 | J54: =J46/J$51 -> 81.991876 | ... N54: =N46/N$51 -> 759.89954
B55: 도시가스(일반)->HP | C55: =C47/C$51 -> 1071.0674 | D55: =D47/D$51 -> 939.48331 | E55: =E47/E$51 -> 722.83813 | F55: =F47/F$51 -> 292.64386 | G55: =G47/G$51 -> 168.52323 | H55: =H47/H$51 -> 115.21934 | I55: =I47/I$51 -> 74.430026 | J55: =J47/J$51 -> 73.970932 | ... N55: =N47/N$51 -> 685.56154
B56: 등유->HP | C56: =C48/C$51 -> 727.38327 | D56: =D48/D$51 -> 638.0219 | E56: =E48/E$51 -> 490.89382 | F56: =F48/F$51 -> 198.7403 | G56: =G48/G$51 -> 114.44749 | H56: =H48/H$51 -> 78.247754 | I56: =I48/I$51 -> 50.546918 | J56: =J48/J$51 -> 50.235138 | ... N56: =N48/N$51 -> 465.57854
B57: LPG->HP | C57: =C49/C$51 -> 1022.0959 | D57: =D49/D$51 -> 896.52812 | E57: =E49/E$51 -> 689.78842 | F57: =F49/F$51 -> 279.26355 | G57: =G49/G$51 -> 160.81799 | H57: =H49/H$51 -> 109.95126 | I57: =I49/I$51 -> 71.026925 | J57: =J49/J$51 -> 70.588822 | ... N57: =N49/N$51 -> 654.21619
B64: 결과2 | C64: 연간 온실가스 배출량(tCO2eq)
B65: 연차 | C65: 도시가스(콘덴싱) | D65: 도시가스(일반) | E65: 등유 | F65: LPG | G65: 히트펌프
A66: 2026 | B66: 1 | C66: =$C$43/1000*E10 -> 3.9575514 | D66: =($D$43/1000)*F10 -> 4.3866835 | E66: =(E43/1000)*G10 -> 3.8145608 | F66: =(F43/1000)*H10 -> 4.073935 | G66: {=_xlfn.IFS( TRIM(C8)="가스 콘덴싱보일러",C44/1000*I10, TRIM(C8)="가스 일반보일러",D44/1000*I10, TRIM(C8)="등유 보일러",E44/1000*I10, TRIM(C8)="LPG 보일러",F44/1000*I10 )} -> 2.4299322
A67: 2027 | B67: 2 | C67: =C66 -> 3.9575514 | D67: =D66 -> 4.3866835 | E67: =E66 -> 3.8145608 | F67: =F66 -> 4.073935 | G67: =$G$66+(B67-1)*($G$78-$G$66)/12 -> 2.2920082
A68: 2028 | B68: 3 | C68: =C67 -> 3.9575514 | D68: =D67 -> 4.3866835 | E68: =E67 -> 3.8145608 | F68: =F67 -> 4.073935 | G68: =$G$66+(B68-1)*($G$78-$G$66)/12 -> 2.1540842
A69: 2029 | B69: 4 | C69: =C68 -> 3.9575514 | D69: =D68 -> 4.3866835 | E69: =E68 -> 3.8145608 | F69: =F68 -> 4.073935 | G69: =$G$66+(B69-1)*($G$78-$G$66)/12 -> 2.0161602
A70: 2030 | B70: 5 | C70: =C69 -> 3.9575514 | D70: =D69 -> 4.3866835 | E70: =E69 -> 3.8145608 | F70: =F69 -> 4.073935 | G70: =$G$66+(B70-1)*($G$78-$G$66)/12 -> 1.8782362
A71: 2031 | B71: 6 | C71: =C70 -> 3.9575514 | D71: =D70 -> 4.3866835 | E71: =E70 -> 3.8145608 | F71: =F70 -> 4.073935 | G71: =$G$66+(B71-1)*($G$78-$G$66)/12 -> 1.7403122
A72: 2032 | B72: 7 | C72: =C71 -> 3.9575514 | D72: =D71 -> 4.3866835 | E72: =E71 -> 3.8145608 | F72: =F71 -> 4.073935 | G72: =$G$66+(B72-1)*($G$78-$G$66)/12 -> 1.6023882
A73: 2033 | B73: 8 | C73: =C72 -> 3.9575514 | D73: =D72 -> 4.3866835 | E73: =E72 -> 3.8145608 | F73: =F72 -> 4.073935 | G73: =$G$66+(B73-1)*($G$78-$G$66)/12 -> 1.4644642
A74: 2034 | B74: 9 | C74: =C73 -> 3.9575514 | D74: =D73 -> 4.3866835 | E74: =E73 -> 3.8145608 | F74: =F73 -> 4.073935 | G74: =$G$66+(B74-1)*($G$78-$G$66)/12 -> 1.3265402
A75: 2035 | B75: 10 | C75: =C74 -> 3.9575514 | D75: =D74 -> 4.3866835 | E75: =E74 -> 3.8145608 | F75: =F74 -> 4.073935 | G75: =$G$66+(B75-1)*($G$78-$G$66)/12 -> 1.1886162
A76: 2036 | B76: 11 | C76: =C75 -> 3.9575514 | D76: =D75 -> 4.3866835 | E76: =E75 -> 3.8145608 | F76: =F75 -> 4.073935 | G76: =$G$66+(B76-1)*($G$78-$G$66)/12 -> 1.0506921
A77: 2037 | B77: 12 | C77: =C76 -> 3.9575514 | D77: =D76 -> 4.3866835 | E77: =E76 -> 3.8145608 | F77: =F76 -> 4.073935 | G77: =$G$66+(B77-1)*($G$78-$G$66)/12 -> 0.91276814
A78: 2038 | B78: 13 | C78: =C77 -> 3.9575514 | D78: =D77 -> 4.3866835 | E78: =E77 -> 3.8145608 | F78: =F77 -> 4.073935 | G78: {=_xlfn.IFS( TRIM(C8)="가스 콘덴싱보일러",C44/1000*J10, TRIM(C8)="가스 일반보일러",D44/1000*J10, TRIM(C8)="등유 보일러",E44/1000*J10, TRIM(C8)="LPG 보일러",F44/1000*J10 )} -> 0.77484414
A79: 2039 | B79: 14 | C79: =C78 -> 3.9575514 | D79: =D78 -> 4.3866835 | E79: =E78 -> 3.8145608 | F79: =F78 -> 4.073935 | G79: =G78-$G$78/12 -> 0.71027379
A80: 2040 | B80: 15 | C80: =C79 -> 3.9575514 | D80: =D79 -> 4.3866835 | E80: =E79 -> 3.8145608 | F80: =F79 -> 4.073935 | G80: =G79-$G$78/12 -> 0.64570345
B81: 계 | C81: =SUM(C66:C80) -> 59.363272 | D81: =SUM(D66:D80) -> 65.800253 | E81: =SUM(E66:E80) -> 57.218412 | F81: =SUM(F66:F80) -> 61.109024 | G81: =SUM(G66:G80) -> 22.187023
B84: 에너지열량 환산기준 | C84: 단위 | D84: 총발열량(MJ) | E84: 총발열량(kcal)
B85: 도시가스(LNG) | C85: MJ | D85: 1 | E85: =10190/42.7 -> 238.64169
B86: 등유 | C86: L | D86: 36.6 | E86: 8740
B87: 도시가스(LPG) | C87: kg | D87: 50.2 | E87: 12000

Sheet Sheet3
A1: 지역 | B1: 구분 | C1: 1월 | D1: 2월 | E1: 3월 | F1: 4월 | G1: 5월 | H1: 6월 | I1: 7월 | J1: 8월 | K1: 9월 | L1: 10월 | M1: 11월 | N1: 12월
A2: 전국 | B2: 월별 비중(합계=1) | C2: 0.20529024 | D2: 0.19690434 | E2: 0.15276304 | F2: 0.090096652 | G2: 0.048884173 | H2: 0.030832675 | I2: 0.019948259 | J2: 0.01692641 | K2: 0.023031186 | L2: 0.03465798 | M2: 0.067692398 | N2: 0.11297265
A3: 서울특별시 | B3: 월별 비중(합계=1) | C3: 0.19641921 | D3: 0.19735821 | E3: 0.15533138 | F3: 0.098205927 | G3: 0.049145957 | H3: 0.029024122 | I3: 0.017598115 | J3: 0.015418844 | K3: 0.02033687 | L3: 0.034673004 | M3: 0.069518548 | N3: 0.11696981
A4: 부산광역시 | B4: 월별 비중(합계=2) | C4: 0.20296558 | D4: 0.19113091 | E4: 0.1407114 | F4: 0.086687505 | G4: 0.051980964 | H4: 0.033865165 | I4: 0.024416422 | J4: 0.022288616 | K4: 0.029174468 | L4: 0.040317695 | M4: 0.069694974 | N4: 0.1067663
A5: 대구광역시 | B5: 월별 비중(합계=3) | C5: 0.22711835 | D5: 0.21775169 | E5: 0.16064843 | F5: 0.099598217 | G5: 0.054080559 | H5: 0.032880615 | I5: 0.018593542 | J5: 0.012146451 | K5: 0.014277154 | L5: 0.020752134 | M5: 0.045812527 | N5: 0.096340326
A6: 인천광역시 | B6: 월별 비중(합계=4) | C6: 0.20927893 | D6: 0.22033979 | E6: 0.16379592 | F6: 0.093855063 | G6: 0.04789529 | H6: 0.027918998 | I6: 0.012901023 | J6: 0.010421865 | K6: 0.011187487 | L6: 0.02490216 | M6: 0.059573289 | N6: 0.11793018
A7: 광주광역시 | B7: 월별 비중(합계=5) | C7: 0.24781327 | D7: 0.1916139 | E7: 0.14460459 | F7: 0.081635571 | G7: 0.041774101 | H7: 0.03787872 | I7: 0.023204858 | J7: 0.023242678 | K7: 0.027169456 | L7: 0.029061844 | M7: 0.056223188 | N7: 0.095777823
A8: 대전광역시 | B8: 월별 비중(합계=6) | C8: 0.20506541 | D8: 0.20102171 | E8: 0.1723434 | F8: 0.094209632 | G8: 0.049968414 | H8: 0.025493416 | I8: 0.011766135 | J8: 0.0095314609 | K8: 0.019906732 | L8: 0.026903389 | M8: 0.061567434 | N8: 0.12222286
A9: 울산광역시 | B9: 월별 비중(합계=7) | C9: 0.20974003 | D9: 0.21558495 | E9: 0.16585522 | F9: 0.094119213 | G9: 0.054801748 | H9: 0.034743772 | I9: 0.015642269 | J9: 0.0094328975 | K9: 0.015872202 | L9: 0.023724661 | M9: 0.054514293 | N9: 0.10596875
A10: 세종특별자치시 | B10: 월별 비중(합계=8) | C10: 0.18966287 | D10: 0.17164657 | E10: 0.11859857 | F10: 0.081765248 | G10: 0.052738986 | H10: 0.031319606 | I10: 0.01590566 | J10: 0.013703667 | K10: 0.035923771 | L10: 0.062748042 | M10: 0.093575934 | N10: 0.13241107
A11: 경기도 | B11: 월별 비중(합계=9) | C11: 0.20265281 | D11: 0.19655864 | E11: 0.15868243 | F11: 0.079792199 | G11: 0.043627506 | H11: 0.028448588 | I11: 0.022362834 | J11: 0.018622825 | K11: 0.022112363 | L11: 0.034560079 | M11: 0.077122925 | N11: 0.1154568
A12: 강원도 | B12: 월별 비중(합계=10) | C12: 0.20253038 | D12: 0.24061994 | E12: 0.14477452 | F12: 0.12446143 | G12: 0.045634539 | H12: 0.0090103506 | I12: 0.024260323 | J12: 0.015943075 | K12: 0.015316502 | L12: 0.02528103 | M12: 0.056852213 | N12: 0.095315695
A13: 충청북도 | B13: 월별 비중(합계=11) | C13: 0.20021253 | D13: 0.17286216 | E13: 0.1129823 | F13: 0.067184975 | G13: 0.039718217 | H13: 0.027905184 | I13: 0.019467303 | J13: 0.017488765 | K13: 0.04693406 | L13: 0.067766898 | M13: 0.099539884 | N13: 0.12793772
... A19: 제주특별자치도 | B19: 월별 비중(합계=17) | C19: 0.17281166 | D19: 0.20172745 | E19: 0.08413655 | F19: 0.057148474 | G19: 0.053293034 | H19: 0.053293034 | I19: 0.028232678 | J19: 0.026304958 | K19: 0.034015837 | L19: 0.028232678 | M19: 0.093775148 | N19: 0.1670285

Sheet 목록
A1: 시도 | B1: 기초지자체
A2: 서울특별시 | B2: 종로구 | D2: {=_xlfn._xlws.SORT(_xlfn.UNIQUE(A2:A229))} -> 강원도 | E2: {=_xlfn._xlws.SORT(_xlfn._xlws.FILTER($B$2:$B$229,$A$2:$A$229=Sheet2!$C$19,""))} -> 고창군
A3: 서울특별시 | B3: 중구 | D3: 경기도 | E3: 군산시
A4: 서울특별시 | B4: 용산구 | D4: 경상남도 | E4: 김제시
A5: 서울특별시 | B5: 성동구 | D5: 경상북도 | E5: 남원시
A6: 서울특별시 | B6: 광진구 | D6: 광주광역시 | E6: 무주군
A7: 서울특별시 | B7: 동대문구 | D7: 대구광역시 | E7: 부안군
A8: 서울특별시 | B8: 중랑구 | D8: 대전광역시 | E8: 순창군
A9: 서울특별시 | B9: 성북구 | D9: 부산광역시 | E9: 완주군
A10: 서울특별시 | B10: 강북구 | D10: 서울특별시 | E10: 익산시
A11: 서울특별시 | B11: 도봉구 | D11: 세종특별자치시 | E11: 임실군
A12: 서울특별시 | B12: 노원구 | D12: 울산광역시 | E12: 장수군
A13: 서울특별시 | B13: 은평구 | D13: 인천광역시 | E13: 전주시
A14: 서울특별시 | B14: 서대문구 | D14: 전라남도 | E14: 정읍시
A15: 서울특별시 | B15: 마포구 | D15: 전라북도 | E15: 진안군
A16: 서울특별시 | B16: 양천구 | D16: 제주특별자치도
A17: 서울특별시 | B17: 강서구 | D17: 충청남도
A18: 서울특별시 | B18: 구로구 | D18: 충청북도
A19: 서울특별시 | B19: 금천구
A20: 서울특별시 | B20: 영등포구
A21: 서울특별시 | B21: 동작구
A22: 서울특별시 | B22: 관악구
A23: 서울특별시 | B23: 서초구
A24: 서울특별시 | B24: 강남구
A25: 서울특별시 | B25: 송파구
A26: 서울특별시 | B26: 강동구
A27: 강원도 | B27: 춘천시
A28: 강원도 | B28: 원주시
A29: 강원도 | B29: 강릉시
A30: 강원도 | B30: 동해시
... A229: 경상남도 | B229: 합천군

Sheet 외기온도_시간분포
A1: 지역별 월별 시간대 외기온도 추정 테이블 (°C) | 방법: T(h) = T월평균 + (DTR/2)×cos(π×(h-14)/12) | 기준: 2025년
A3: ▶ 중부1 (철원) — 월평균기온 및 시간대별 추정온도 (°C)
A4: 시각 (h) | B4: 1월 | C4: 2월 | D4: 3월 | E4: 4월 | F4: 5월 | G4: 6월 | H4: 7월 | I4: 8월 | J4: 9월 | K4: 10월 | L4: 11월 | M4: 12월 | N4: 연평균
A5: 월평균 (°C) | B5: -9.2 | C5: -6.3 | D5: 0.3 | E5: 8.4 | F5: 15 | G5: 19.6 | H5: 24.1 | I5: 24.3 | J5: 17.8 | K5: 9.8 | L5: 1.5 | M5: -6.8 | N5: =AVERAGE(B5,C5,D5,E5,F5,G5,H5,I5,J5,K5,L5,M5) -> 8.2083333
A6: 일교차 (DTR,°C) | B6: 9.8 | C6: 10.2 | D6: 11 | E6: 12.1 | F6: 11.5 | G6: 10 | H6: 8.8 | I6: 9.2 | J6: 10.5 | K6: 11.8 | L6: 10.3 | M6: 9.5 | N6: =AVERAGE(B6,C6,D6,E6,F6,G6,H6,I6,J6,K6,L6,M6) -> 10.391667
A7: 0 | B7: =B5+(B6/2)*-0.866025 -> -13.443523 | C7: =C5+(C6/2)*-0.866025 -> -10.716728 | D7: =D5+(D6/2)*-0.866025 -> -4.4631375 | E7: =E5+(E6/2)*-0.866025 -> 3.1605488 | F7: =F5+(F6/2)*-0.866025 -> 10.020356 | G7: =G5+(G6/2)*-0.866025 -> 15.269875 | H7: =H5+(H6/2)*-0.866025 -> 20.28949 | I7: =I5+(I6/2)*-0.866025 -> 20.316285 | ... M7: =M5+(M6/2)*-0.866025 -> -10.913619 | N7: =AVERAGE(B7,C7,D7,E7,F7,G7,H7,I7,J7,K7,L7,M7) -> 3.7086118
A8: 1 | B8: =B5+(B6/2)*-0.965926 -> -13.933037 | C8: =C5+(C6/2)*-0.965926 -> -11.226223 | D8: =D5+(D6/2)*-0.965926 -> -5.012593 | E8: =E5+(E6/2)*-0.965926 -> 2.5561477 | F8: =F5+(F6/2)*-0.965926 -> 9.4459255 | G8: =G5+(G6/2)*-0.965926 -> 14.77037 | H8: =H5+(H6/2)*-0.965926 -> 19.849926 | I8: =I5+(I6/2)*-0.965926 -> 19.85674 | ... M8: =M5+(M6/2)*-0.965926 -> -11.388148 | N8: =AVERAGE(B8,C8,D8,E8,F8,G8,H8,I8,J8,K8,L8,M8) -> 3.1895428
A9: 2 | B9: =B5+(B6/2)*-1 -> -14.1 | C9: =C5+(C6/2)*-1 -> -11.4 | D9: =D5+(D6/2)*-1 -> -5.2 | E9: =E5+(E6/2)*-1 -> 2.35 | F9: =F5+(F6/2)*-1 -> 9.25 | G9: =G5+(G6/2)*-1 -> 14.6 | H9: =H5+(H6/2)*-1 -> 19.7 | I9: =I5+(I6/2)*-1 -> 19.7 | ... M9: =M5+(M6/2)*-1 -> -11.55 | N9: =AVERAGE(B9,C9,D9,E9,F9,G9,H9,I9,J9,K9,L9,M9) -> 3.0125
A10: 3 | B10: =B5+(B6/2)*-0.965926 -> -13.933037 | C10: =C5+(C6/2)*-0.965926 -> -11.226223 | D10: =D5+(D6/2)*-0.965926 -> -5.012593 | E10: =E5+(E6/2)*-0.965926 -> 2.5561477 | F10: =F5+(F6/2)*-0.965926 -> 9.4459255 | G10: =G5+(G6/2)*-0.965926 -> 14.77037 | H10: =H5+(H6/2)*-0.965926 -> 19.849926 | I10: =I5+(I6/2)*-0.965926 -> 19.85674 | ... M10: =M5+(M6/2)*-0.965926 -> -11.388148 | N10: =AVERAGE(B10,C10,D10,E10,F10,G10,H10,I10,J10,K10,L10,M10) -> 3.1895428
A11: 4 | B11: =B5+(B6/2)*-0.866025 -> -13.443523 | C11: =C5+(C6/2)*-0.866025 -> -10.716728 | D11: =D5+(D6/2)*-0.866025 -> -4.4631375 | E11: =E5+(E6/2)*-0.866025 -> 3.1605488 | F11: =F5+(F6/2)*-0.866025 -> 10.020356 | G11: =G5+(G6/2)*-0.866025 -> 15.269875 | H11: =H5+(H6/2)*-0.866025 -> 20.28949 | I11: =I5+(I6/2)*-0.866025 -> 20.316285 | ... M11: =M5+(M6/2)*-0.866025 -> -10.913619 | N11: =AVERAGE(B11,C11,D11,E11,F11,G11,H11,I11,J11,K11,L11,M11) -> 3.7086118
A12: 5 | B12: =B5+(B6/2)*-0.707107 -> -12.664824 | C12: =C5+(C6/2)*-0.707107 -> -9.9062457 | D12: =D5+(D6/2)*-0.707107 -> -3.5890885 | E12: =E5+(E6/2)*-0.707107 -> 4.1220027 | F12: =F5+(F6/2)*-0.707107 -> 10.934135 | G12: =G5+(G6/2)*-0.707107 -> 16.064465 | H12: =H5+(H6/2)*-0.707107 -> 20.988729 | I12: =I5+(I6/2)*-0.707107 -> 21.047308 | ... M12: =M5+(M6/2)*-0.707107 -> -10.158758 | N12: =AVERAGE(B12,C12,D12,E12,F12,G12,H12,I12,J12,K12,L12,M12) -> 4.5343232
A13: 6 | B13: =B5+(B6/2)*-0.5 -> -11.65 | C13: =C5+(C6/2)*-0.5 -> -8.85 | D13: =D5+(D6/2)*-0.5 -> -2.45 | E13: =E5+(E6/2)*-0.5 -> 5.375 | F13: =F5+(F6/2)*-0.5 -> 12.125 | G13: =G5+(G6/2)*-0.5 -> 17.1 | H13: =H5+(H6/2)*-0.5 -> 21.9 | I13: =I5+(I6/2)*-0.5 -> 22 | ... M13: =M5+(M6/2)*-0.5 -> -9.175 | N13: =AVERAGE(B13,C13,D13,E13,F13,G13,H13,I13,J13,K13,L13,M13) -> 5.6104167
A14: 7 | B14: =B5+(B6/2)*-0.258819 -> -10.468213 | C14: =C5+(C6/2)*-0.258819 -> -7.6199769 | D14: =D5+(D6/2)*-0.258819 -> -1.1235045 | E14: =E5+(E6/2)*-0.258819 -> 6.8341451 | F14: =F5+(F6/2)*-0.258819 -> 13.511791 | G14: =G5+(G6/2)*-0.258819 -> 18.305905 | H14: =H5+(H6/2)*-0.258819 -> 22.961196 | I14: =I5+(I6/2)*-0.258819 -> 23.109433 | ... M14: =M5+(M6/2)*-0.258819 -> -8.0293903 | N14: =AVERAGE(B14,C14,D14,E14,F14,G14,H14,I14,J14,K14,L14,M14) -> 6.8635529
A15: 8 | B15: =B5+(B6/2)*0 -> -9.2 | C15: =C5+(C6/2)*0 -> -6.3 | D15: =D5+(D6/2)*0 -> 0.3 | E15: =E5+(E6/2)*0 -> 8.4 | F15: =F5+(F6/2)*0 -> 15 | G15: =G5+(G6/2)*0 -> 19.6 | H15: =H5+(H6/2)*0 -> 24.1 | I15: =I5+(I6/2)*0 -> 24.3 | ... M15: =M5+(M6/2)*0 -> -6.8 | N15: =AVERAGE(B15,C15,D15,E15,F15,G15,H15,I15,J15,K15,L15,M15) -> 8.2083333
A16: 9 | B16: =B5+(B6/2)*0.258819 -> -7.9317869 | C16: =C5+(C6/2)*0.258819 -> -4.9800231 | D16: =D5+(D6/2)*0.258819 -> 1.7235045 | E16: =E5+(E6/2)*0.258819 -> 9.965855 | F16: =F5+(F6/2)*0.258819 -> 16.488209 | G16: =G5+(G6/2)*0.258819 -> 20.894095 | H16: =H5+(H6/2)*0.258819 -> 25.238804 | I16: =I5+(I6/2)*0.258819 -> 25.490567 | ... M16: =M5+(M6/2)*0.258819 -> -5.5706098 | N16: =AVERAGE(B16,C16,D16,E16,F16,G16,H16,I16,J16,K16,L16,M16) -> 9.5531137
A17: 10 | B17: =B5+(B6/2)*0.5 -> -6.75 | C17: =C5+(C6/2)*0.5 -> -3.75 | D17: =D5+(D6/2)*0.5 -> 3.05 | E17: =E5+(E6/2)*0.5 -> 11.425 | F17: =F5+(F6/2)*0.5 -> 17.875 | G17: =G5+(G6/2)*0.5 -> 22.1 | H17: =H5+(H6/2)*0.5 -> 26.3 | I17: =I5+(I6/2)*0.5 -> 26.6 | ... M17: =M5+(M6/2)*0.5 -> -4.425 | N17: =AVERAGE(B17,C17,D17,E17,F17,G17,H17,I17,J17,K17,L17,M17) -> 10.80625
A18: 11 | B18: =B5+(B6/2)*0.707107 -> -5.7351757 | C18: =C5+(C6/2)*0.707107 -> -2.6937543 | D18: =D5+(D6/2)*0.707107 -> 4.1890885 | E18: =E5+(E6/2)*0.707107 -> 12.677997 | F18: =F5+(F6/2)*0.707107 -> 19.065865 | G18: =G5+(G6/2)*0.707107 -> 23.135535 | H18: =H5+(H6/2)*0.707107 -> 27.211271 | I18: =I5+(I6/2)*0.707107 -> 27.552692 | ... M18: =M5+(M6/2)*0.707107 -> -3.4412417 | N18: =AVERAGE(B18,C18,D18,E18,F18,G18,H18,I18,J18,K18,L18,M18) -> 11.882343
A19: 12 | B19: =B5+(B6/2)*0.866025 -> -4.9564775 | C19: =C5+(C6/2)*0.866025 -> -1.8832725 | D19: =D5+(D6/2)*0.866025 -> 5.0631375 | E19: =E5+(E6/2)*0.866025 -> 13.639451 | F19: =F5+(F6/2)*0.866025 -> 19.979644 | G19: =G5+(G6/2)*0.866025 -> 23.930125 | H19: =H5+(H6/2)*0.866025 -> 27.91051 | I19: =I5+(I6/2)*0.866025 -> 28.283715 | ... M19: =M5+(M6/2)*0.866025 -> -2.6863812 | N19: =AVERAGE(B19,C19,D19,E19,F19,G19,H19,I19,J19,K19,L19,M19) -> 12.708055
A20: 13 | B20: =B5+(B6/2)*0.965926 -> -4.4669626 | C20: =C5+(C6/2)*0.965926 -> -1.3737774 | D20: =D5+(D6/2)*0.965926 -> 5.612593 | E20: =E5+(E6/2)*0.965926 -> 14.243852 | F20: =F5+(F6/2)*0.965926 -> 20.554074 | G20: =G5+(G6/2)*0.965926 -> 24.42963 | H20: =H5+(H6/2)*0.965926 -> 28.350074 | I20: =I5+(I6/2)*0.965926 -> 28.74326 | ... M20: =M5+(M6/2)*0.965926 -> -2.2118515 | N20: =AVERAGE(B20,C20,D20,E20,F20,G20,H20,I20,J20,K20,L20,M20) -> 13.227124
A21: 14 | B21: =B5+(B6/2)*1 -> -4.3 | C21: =C5+(C6/2)*1 -> -1.2 | D21: =D5+(D6/2)*1 -> 5.8 | E21: =E5+(E6/2)*1 -> 14.45 | F21: =F5+(F6/2)*1 -> 20.75 | G21: =G5+(G6/2)*1 -> 24.6 | H21: =H5+(H6/2)*1 -> 28.5 | I21: =I5+(I6/2)*1 -> 28.9 | ... M21: =M5+(M6/2)*1 -> -2.05 | N21: =AVERAGE(B21,C21,D21,E21,F21,G21,H21,I21,J21,K21,L21,M21) -> 13.404167
A22: 15 | B22: =B5+(B6/2)*0.965926 -> -4.4669626 | C22: =C5+(C6/2)*0.965926 -> -1.3737774 | D22: =D5+(D6/2)*0.965926 -> 5.612593 | E22: =E5+(E6/2)*0.965926 -> 14.243852 | F22: =F5+(F6/2)*0.965926 -> 20.554074 | G22: =G5+(G6/2)*0.965926 -> 24.42963 | H22: =H5+(H6/2)*0.965926 -> 28.350074 | I22: =I5+(I6/2)*0.965926 -> 28.74326 | ... M22: =M5+(M6/2)*0.965926 -> -2.2118515 | N22: =AVERAGE(B22,C22,D22,E22,F22,G22,H22,I22,J22,K22,L22,M22) -> 13.227124
A23: 16 | B23: =B5+(B6/2)*0.866025 -> -4.9564775 | C23: =C5+(C6/2)*0.866025 -> -1.8832725 | D23: =D5+(D6/2)*0.866025 -> 5.0631375 | E23: =E5+(E6/2)*0.866025 -> 13.639451 | F23: =F5+(F6/2)*0.866025 -> 19.979644 | G23: =G5+(G6/2)*0.866025 -> 23.930125 | H23: =H5+(H6/2)*0.866025 -> 27.91051 | I23: =I5+(I6/2)*0.866025 -> 28.283715 | ... M23: =M5+(M6/2)*0.866025 -> -2.6863812 | N23: =AVERAGE(B23,C23,D23,E23,F23,G23,H23,I23,J23,K23,L23,M23) -> 12.708055
A24: 17 | B24: =B5+(B6/2)*0.707107 -> -5.7351757 | C24: =C5+(C6/2)*0.707107 -> -2.6937543 | D24: =D5+(D6/2)*0.707107 -> 4.1890885 | E24: =E5+(E6/2)*0.707107 -> 12.677997 | F24: =F5+(F6/2)*0.707107 -> 19.065865 | G24: =G5+(G6/2)*0.707107 -> 23.135535 | H24: =H5+(H6/2)*0.707107 -> 27.211271 | I24: =I5+(I6/2)*0.707107 -> 27.552692 | ... M24: =M5+(M6/2)*0.707107 -> -3.4412417 | N24: =AVERAGE(B24,C24,D24,E24,F24,G24,H24,I24,J24,K24,L24,M24) -> 11.882343
A25: 18 | B25: =B5+(B6/2)*0.5 -> -6.75 | C25: =C5+(C6/2)*0.5 -> -3.75 | D25: =D5+(D6/2)*0.5 -> 3.05 | E25: =E5+(E6/2)*0.5 -> 11.425 | F25: =F5+(F6/2)*0.5 -> 17.875 | G25: =G5+(G6/2)*0.5 -> 22.1 | H25: =H5+(H6/2)*0.5 -> 26.3 | I25: =I5+(I6/2)*0.5 -> 26.6 | ... M25: =M5+(M6/2)*0.5 -> -4.425 | N25: =AVERAGE(B25,C25,D25,E25,F25,G25,H25,I25,J25,K25,L25,M25) -> 10.80625
A26: 19 | B26: =B5+(B6/2)*0.258819 -> -7.9317869 | C26: =C5+(C6/2)*0.258819 -> -4.9800231 | D26: =D5+(D6/2)*0.258819 -> 1.7235045 | E26: =E5+(E6/2)*0.258819 -> 9.965855 | F26: =F5+(F6/2)*0.258819 -> 16.488209 | G26: =G5+(G6/2)*0.258819 -> 20.894095 | H26: =H5+(H6/2)*0.258819 -> 25.238804 | I26: =I5+(I6/2)*0.258819 -> 25.490567 | ... M26: =M5+(M6/2)*0.258819 -> -5.5706098 | N26: =AVERAGE(B26,C26,D26,E26,F26,G26,H26,I26,J26,K26,L26,M26) -> 9.5531137
A27: 20 | B27: =B5+(B6/2)*0 -> -9.2 | C27: =C5+(C6/2)*0 -> -6.3 | D27: =D5+(D6/2)*0 -> 0.3 | E27: =E5+(E6/2)*0 -> 8.4 | F27: =F5+(F6/2)*0 -> 15 | G27: =G5+(G6/2)*0 -> 19.6 | H27: =H5+(H6/2)*0 -> 24.1 | I27: =I5+(I6/2)*0 -> 24.3 | ... M27: =M5+(M6/2)*0 -> -6.8 | N27: =AVERAGE(B27,C27,D27,E27,F27,G27,H27,I27,J27,K27,L27,M27) -> 8.2083333
A28: 21 | B28: =B5+(B6/2)*-0.258819 -> -10.468213 | C28: =C5+(C6/2)*-0.258819 -> -7.6199769 | D28: =D5+(D6/2)*-0.258819 -> -1.1235045 | E28: =E5+(E6/2)*-0.258819 -> 6.8341451 | F28: =F5+(F6/2)*-0.258819 -> 13.511791 | G28: =G5+(G6/2)*-0.258819 -> 18.305905 | H28: =H5+(H6/2)*-0.258819 -> 22.961196 | I28: =I5+(I6/2)*-0.258819 -> 23.109433 | ... M28: =M5+(M6/2)*-0.258819 -> -8.0293903 | N28: =AVERAGE(B28,C28,D28,E28,F28,G28,H28,I28,J28,K28,L28,M28) -> 6.8635529
A29: 22 | B29: =B5+(B6/2)*-0.5 -> -11.65 | C29: =C5+(C6/2)*-0.5 -> -8.85 | D29: =D5+(D6/2)*-0.5 -> -2.45 | E29: =E5+(E6/2)*-0.5 -> 5.375 | F29: =F5+(F6/2)*-0.5 -> 12.125 | G29: =G5+(G6/2)*-0.5 -> 17.1 | H29: =H5+(H6/2)*-0.5 -> 21.9 | I29: =I5+(I6/2)*-0.5 -> 22 | ... M29: =M5+(M6/2)*-0.5 -> -9.175 | N29: =AVERAGE(B29,C29,D29,E29,F29,G29,H29,I29,J29,K29,L29,M29) -> 5.6104167
A30: ▶ 중부2 (서울) — 월평균기온 및 시간대별 추정온도 (°C)
A31: 시각 (h) | B31: 1월 | C31: 2월 | D31: 3월 | E31: 4월 | F31: 5월 | G31: 6월 | H31: 7월 | I31: 8월 | J31: 9월 | K31: 10월 | L31: 11월 | M31: 12월 | N31: 연평균
A32: 월평균 (°C) | B32: -1.8 | C32: 0.8 | D32: 6.5 | E32: 13.2 | F32: 18.5 | G32: 23 | H32: 26.4 | I32: 27.1 | J32: 22 | K32: 15.2 | L32: 7.5 | M32: 0.5 | N32: =AVERAGE(B32,C32,D32,E32,F32,G32,H32,I32,J32,K32,L32,M32) -> 13.241667
A33: 일교차 (DTR,°C) | B33: 7.2 | C33: 8 | D33: 9.5 | E33: 10.8 | F33: 9.8 | G33: 8.5 | H33: 7.5 | I33: 7.8 | J33: 8.8 | K33: 10.2 | L33: 9 | M33: 7.5 | N33: =AVERAGE(B33,C33,D33,E33,F33,G33,H33,I33,J33,K33,L33,M33) -> 8.7166667
A34: 0 | B34: =B32+(B33/2)*-0.866025 -> -4.91769 | C34: =C32+(C33/2)*-0.866025 -> -2.6641 | D34: =D32+(D33/2)*-0.866025 -> 2.3863812 | E34: =E32+(E33/2)*-0.866025 -> 8.523465 | F34: =F32+(F33/2)*-0.866025 -> 14.256477 | G34: =G32+(G33/2)*-0.866025 -> 19.319394 | H34: =H32+(H33/2)*-0.866025 -> 23.152406 | I34: =I32+(I33/2)*-0.866025 -> 23.722503 | ... M34: =M32+(M33/2)*-0.866025 -> -2.7475938 | N34: =AVERAGE(B34,C34,D34,E34,F34,G34,H34,I34,J34,K34,L34,M34) -> 9.467241
A35: 1 | B35: =B32+(B33/2)*-0.965926 -> -5.2773336 | C35: =C32+(C33/2)*-0.965926 -> -3.063704 | D35: =D32+(D33/2)*-0.965926 -> 1.9118515 | E35: =E32+(E33/2)*-0.965926 -> 7.9839996 | F35: =F32+(F33/2)*-0.965926 -> 13.766963 | G35: =G32+(G33/2)*-0.965926 -> 18.894814 | H35: =H32+(H33/2)*-0.965926 -> 22.777777 | I35: =I32+(I33/2)*-0.965926 -> 23.332889 | ... M35: =M32+(M33/2)*-0.965926 -> -3.1222225 | N35: =AVERAGE(B35,C35,D35,E35,F35,G35,H35,I35,J35,K35,L35,M35) -> 9.0318392
A36: 2 | B36: =B32+(B33/2)*-1 -> -5.4 | C36: =C32+(C33/2)*-1 -> -3.2 | D36: =D32+(D33/2)*-1 -> 1.75 | E36: =E32+(E33/2)*-1 -> 7.8 | F36: =F32+(F33/2)*-1 -> 13.6 | G36: =G32+(G33/2)*-1 -> 18.75 | H36: =H32+(H33/2)*-1 -> 22.65 | I36: =I32+(I33/2)*-1 -> 23.2 | ... M36: =M32+(M33/2)*-1 -> -3.25 | N36: =AVERAGE(B36,C36,D36,E36,F36,G36,H36,I36,J36,K36,L36,M36) -> 8.8833333
A37: 3 | B37: =B32+(B33/2)*-0.965926 -> -5.2773336 | C37: =C32+(C33/2)*-0.965926 -> -3.063704 | D37: =D32+(D33/2)*-0.965926 -> 1.9118515 | E37: =E32+(E33/2)*-0.965926 -> 7.9839996 | F37: =F32+(F33/2)*-0.965926 -> 13.766963 | G37: =G32+(G33/2)*-0.965926 -> 18.894814 | H37: =H32+(H33/2)*-0.965926 -> 22.777777 | I37: =I32+(I33/2)*-0.965926 -> 23.332889 | ... M37: =M32+(M33/2)*-0.965926 -> -3.1222225 | N37: =AVERAGE(B37,C37,D37,E37,F37,G37,H37,I37,J37,K37,L37,M37) -> 9.0318392
A38: 4 | B38: =B32+(B33/2)*-0.866025 -> -4.91769 | C38: =C32+(C33/2)*-0.866025 -> -2.6641 | D38: =D32+(D33/2)*-0.866025 -> 2.3863812 | E38: =E32+(E33/2)*-0.866025 -> 8.523465 | F38: =F32+(F33/2)*-0.866025 -> 14.256477 | G38: =G32+(G33/2)*-0.866025 -> 19.319394 | H38: =H32+(H33/2)*-0.866025 -> 23.152406 | I38: =I32+(I33/2)*-0.866025 -> 23.722503 | ... M38: =M32+(M33/2)*-0.866025 -> -2.7475938 | N38: =AVERAGE(B38,C38,D38,E38,F38,G38,H38,I38,J38,K38,L38,M38) -> 9.467241
A39: 5 | B39: =B32+(B33/2)*-0.707107 -> -4.3455852 | C39: =C32+(C33/2)*-0.707107 -> -2.028428 | D39: =D32+(D33/2)*-0.707107 -> 3.1412417 | E39: =E32+(E33/2)*-0.707107 -> 9.3816222 | F39: =F32+(F33/2)*-0.707107 -> 15.035176 | G39: =G32+(G33/2)*-0.707107 -> 19.994795 | H39: =H32+(H33/2)*-0.707107 -> 23.748349 | I39: =I32+(I33/2)*-0.707107 -> 24.342283 | ... M39: =M32+(M33/2)*-0.707107 -> -2.1516513 | N39: =AVERAGE(B39,C39,D39,E39,F39,G39,H39,I39,J39,K39,L39,M39) -> 10.159859
A40: 6 | B40: =B32+(B33/2)*-0.5 -> -3.6 | C40: =C32+(C33/2)*-0.5 -> -1.2 | D40: =D32+(D33/2)*-0.5 -> 4.125 | E40: =E32+(E33/2)*-0.5 -> 10.5 | F40: =F32+(F33/2)*-0.5 -> 16.05 | G40: =G32+(G33/2)*-0.5 -> 20.875 | H40: =H32+(H33/2)*-0.5 -> 24.525 | I40: =I32+(I33/2)*-0.5 -> 25.15 | ... M40: =M32+(M33/2)*-0.5 -> -1.375 | N40: =AVERAGE(B40,C40,D40,E40,F40,G40,H40,I40,J40,K40,L40,M40) -> 11.0625
A41: 7 | B41: =B32+(B33/2)*-0.258819 -> -2.7317484 | C41: =C32+(C33/2)*-0.258819 -> -0.235276 | D41: =D32+(D33/2)*-0.258819 -> 5.2706098 | E41: =E32+(E33/2)*-0.258819 -> 11.802377 | F41: =F32+(F33/2)*-0.258819 -> 17.231787 | G41: =G32+(G33/2)*-0.258819 -> 21.900019 | H41: =H32+(H33/2)*-0.258819 -> 25.429429 | I41: =I32+(I33/2)*-0.258819 -> 26.090606 | ... M41: =M32+(M33/2)*-0.258819 -> -0.47057125 | N41: =AVERAGE(B41,C41,D41,E41,F41,G41,H41,I41,J41,K41,L41,M41) -> 12.113647
A42: 8 | B42: =B32+(B33/2)*0 -> -1.8 | C42: =C32+(C33/2)*0 -> 0.8 | D42: =D32+(D33/2)*0 -> 6.5 | E42: =E32+(E33/2)*0 -> 13.2 | F42: =F32+(F33/2)*0 -> 18.5 | G42: =G32+(G33/2)*0 -> 23 | H42: =H32+(H33/2)*0 -> 26.4 | I42: =I32+(I33/2)*0 -> 27.1 | ... M42: =M32+(M33/2)*0 -> 0.5 | N42: =AVERAGE(B42,C42,D42,E42,F42,G42,H42,I42,J42,K42,L42,M42) -> 13.241667
A43: 9 | B43: =B32+(B33/2)*0.258819 -> -0.8682516 | C43: =C32+(C33/2)*0.258819 -> 1.835276 | D43: =D32+(D33/2)*0.258819 -> 7.7293902 | E43: =E32+(E33/2)*0.258819 -> 14.597623 | F43: =F32+(F33/2)*0.258819 -> 19.768213 | G43: =G32+(G33/2)*0.258819 -> 24.099981 | H43: =H32+(H33/2)*0.258819 -> 27.370571 | I43: =I32+(I33/2)*0.258819 -> 28.109394 | ... M43: =M32+(M33/2)*0.258819 -> 1.4705713 | N43: =AVERAGE(B43,C43,D43,E43,F43,G43,H43,I43,J43,K43,L43,M43) -> 14.369686
A44: 10 | B44: =B32+(B33/2)*0.5 -> 0 | C44: =C32+(C33/2)*0.5 -> 2.8 | D44: =D32+(D33/2)*0.5 -> 8.875 | E44: =E32+(E33/2)*0.5 -> 15.9 | F44: =F32+(F33/2)*0.5 -> 20.95 | G44: =G32+(G33/2)*0.5 -> 25.125 | H44: =H32+(H33/2)*0.5 -> 28.275 | I44: =I32+(I33/2)*0.5 -> 29.05 | ... M44: =M32+(M33/2)*0.5 -> 2.375 | N44: =AVERAGE(B44,C44,D44,E44,F44,G44,H44,I44,J44,K44,L44,M44) -> 15.420833
A45: 11 | B45: =B32+(B33/2)*0.707107 -> 0.7455852 | C45: =C32+(C33/2)*0.707107 -> 3.628428 | D45: =D32+(D33/2)*0.707107 -> 9.8587583 | E45: =E32+(E33/2)*0.707107 -> 17.018378 | F45: =F32+(F33/2)*0.707107 -> 21.964824 | G45: =G32+(G33/2)*0.707107 -> 26.005205 | H45: =H32+(H33/2)*0.707107 -> 29.051651 | I45: =I32+(I33/2)*0.707107 -> 29.857717 | ... M45: =M32+(M33/2)*0.707107 -> 3.1516513 | N45: =AVERAGE(B45,C45,D45,E45,F45,G45,H45,I45,J45,K45,L45,M45) -> 16.323475
A46: 12 | B46: =B32+(B33/2)*0.866025 -> 1.31769 | C46: =C32+(C33/2)*0.866025 -> 4.2641 | D46: =D32+(D33/2)*0.866025 -> 10.613619 | E46: =E32+(E33/2)*0.866025 -> 17.876535 | F46: =F32+(F33/2)*0.866025 -> 22.743523 | G46: =G32+(G33/2)*0.866025 -> 26.680606 | H46: =H32+(H33/2)*0.866025 -> 29.647594 | I46: =I32+(I33/2)*0.866025 -> 30.477498 | ... M46: =M32+(M33/2)*0.866025 -> 3.7475938 | N46: =AVERAGE(B46,C46,D46,E46,F46,G46,H46,I46,J46,K46,L46,M46) -> 17.016092
A47: 13 | B47: =B32+(B33/2)*0.965926 -> 1.6773336 | C47: =C32+(C33/2)*0.965926 -> 4.663704 | D47: =D32+(D33/2)*0.965926 -> 11.088148 | E47: =E32+(E33/2)*0.965926 -> 18.416 | F47: =F32+(F33/2)*0.965926 -> 23.233037 | G47: =G32+(G33/2)*0.965926 -> 27.105186 | H47: =H32+(H33/2)*0.965926 -> 30.022222 | I47: =I32+(I33/2)*0.965926 -> 30.867111 | ... M47: =M32+(M33/2)*0.965926 -> 4.1222225 | N47: =AVERAGE(B47,C47,D47,E47,F47,G47,H47,I47,J47,K47,L47,M47) -> 17.451494
A48: 14 | B48: =B32+(B33/2)*1 -> 1.8 | C48: =C32+(C33/2)*1 -> 4.8 | D48: =D32+(D33/2)*1 -> 11.25 | E48: =E32+(E33/2)*1 -> 18.6 | F48: =F32+(F33/2)*1 -> 23.4 | G48: =G32+(G33/2)*1 -> 27.25 | H48: =H32+(H33/2)*1 -> 30.15 | I48: =I32+(I33/2)*1 -> 31 | ... M48: =M32+(M33/2)*1 -> 4.25 | N48: =AVERAGE(B48,C48,D48,E48,F48,G48,H48,I48,J48,K48,L48,M48) -> 17.6
A49: 15 | B49: =B32+(B33/2)*0.965926 -> 1.6773336 | C49: =C32+(C33/2)*0.965926 -> 4.663704 | D49: =D32+(D33/2)*0.965926 -> 11.088148 | E49: =E32+(E33/2)*0.965926 -> 18.416 | F49: =F32+(F33/2)*0.965926 -> 23.233037 | G49: =G32+(G33/2)*0.965926 -> 27.105186 | H49: =H32+(H33/2)*0.965926 -> 30.022222 | I49: =I32+(I33/2)*0.965926 -> 30.867111 | ... M49: =M32+(M33/2)*0.965926 -> 4.1222225 | N49: =AVERAGE(B49,C49,D49,E49,F49,G49,H49,I49,J49,K49,L49,M49) -> 17.451494
A50: 16 | B50: =B32+(B33/2)*0.866025 -> 1.31769 | C50: =C32+(C33/2)*0.866025 -> 4.2641 | D50: =D32+(D33/2)*0.866025 -> 10.613619 | E50: =E32+(E33/2)*0.866025 -> 17.876535 | F50: =F32+(F33/2)*0.866025 -> 22.743523 | G50: =G32+(G33/2)*0.866025 -> 26.680606 | H50: =H32+(H33/2)*0.866025 -> 29.647594 | I50: =I32+(I33/2)*0.866025 -> 30.477498 | ... M50: =M32+(M33/2)*0.866025 -> 3.7475938 | N50: =AVERAGE(B50,C50,D50,E50,F50,G50,H50,I50,J50,K50,L50,M50) -> 17.016092
A51: 17 | B51: =B32+(B33/2)*0.707107 -> 0.7455852 | C51: =C32+(C33/2)*0.707107 -> 3.628428 | D51: =D32+(D33/2)*0.707107 -> 9.8587583 | E51: =E32+(E33/2)*0.707107 -> 17.018378 | F51: =F32+(F33/2)*0.707107 -> 21.964824 | G51: =G32+(G33/2)*0.707107 -> 26.005205 | H51: =H32+(H33/2)*0.707107 -> 29.051651 | I51: =I32+(I33/2)*0.707107 -> 29.857717 | ... M51: =M32+(M33/2)*0.707107 -> 3.1516513 | N51: =AVERAGE(B51,C51,D51,E51,F51,G51,H51,I51,J51,K51,L51,M51) -> 16.323475
A52: 18 | B52: =B32+(B33/2)*0.5 -> 0 | C52: =C32+(C33/2)*0.5 -> 2.8 | D52: =D32+(D33/2)*0.5 -> 8.875 | E52: =E32+(E33/2)*0.5 -> 15.9 | F52: =F32+(F33/2)*0.5 -> 20.95 | G52: =G32+(G33/2)*0.5 -> 25.125 | H52: =H32+(H33/2)*0.5 -> 28.275 | I52: =I32+(I33/2)*0.5 -> 29.05 | ... M52: =M32+(M33/2)*0.5 -> 2.375 | N52: =AVERAGE(B52,C52,D52,E52,F52,G52,H52,I52,J52,K52,L52,M52) -> 15.420833
A53: 19 | B53: =B32+(B33/2)*0.258819 -> -0.8682516 | C53: =C32+(C33/2)*0.258819 -> 1.835276 | D53: =D32+(D33/2)*0.258819 -> 7.7293902 | E53: =E32+(E33/2)*0.258819 -> 14.597623 | F53: =F32+(F33/2)*0.258819 -> 19.768213 | G53: =G32+(G33/2)*0.258819 -> 24.099981 | H53: =H32+(H33/2)*0.258819 -> 27.370571 | I53: =I32+(I33/2)*0.258819 -> 28.109394 | ... M53: =M32+(M33/2)*0.258819 -> 1.4705713 | N53: =AVERAGE(B53,C53,D53,E53,F53,G53,H53,I53,J53,K53,L53,M53) -> 14.369686
A54: 20 | B54: =B32+(B33/2)*0 -> -1.8 | C54: =C32+(C33/2)*0 -> 0.8 | D54: =D32+(D33/2)*0 -> 6.5 | E54: =E32+(E33/2)*0 -> 13.2 | F54: =F32+(F33/2)*0 -> 18.5 | G54: =G32+(G33/2)*0 -> 23 | H54: =H32+(H33/2)*0 -> 26.4 | I54: =I32+(I33/2)*0 -> 27.1 | ... M54: =M32+(M33/2)*0 -> 0.5 | N54: =AVERAGE(B54,C54,D54,E54,F54,G54,H54,I54,J54,K54,L54,M54) -> 13.241667
A55: 21 | B55: =B32+(B33/2)*-0.258819 -> -2.7317484 | C55: =C32+(C33/2)*-0.258819 -> -0.235276 | D55: =D32+(D33/2)*-0.258819 -> 5.2706098 | E55: =E32+(E33/2)*-0.258819 -> 11.802377 | F55: =F32+(F33/2)*-0.258819 -> 17.231787 | G55: =G32+(G33/2)*-0.258819 -> 21.900019 | H55: =H32+(H33/2)*-0.258819 -> 25.429429 | I55: =I32+(I33/2)*-0.258819 -> 26.090606 | ... M55: =M32+(M33/2)*-0.258819 -> -0.47057125 | N55: =AVERAGE(B55,C55,D55,E55,F55,G55,H55,I55,J55,K55,L55,M55) -> 12.113647
A56: 22 | B56: =B32+(B33/2)*-0.5 -> -3.6 | C56: =C32+(C33/2)*-0.5 -> -1.2 | D56: =D32+(D33/2)*-0.5 -> 4.125 | E56: =E32+(E33/2)*-0.5 -> 10.5 | F56: =F32+(F33/2)*-0.5 -> 16.05 | G56: =G32+(G33/2)*-0.5 -> 20.875 | H56: =H32+(H33/2)*-0.5 -> 24.525 | I56: =I32+(I33/2)*-0.5 -> 25.15 | ... M56: =M32+(M33/2)*-0.5 -> -1.375 | N56: =AVERAGE(B56,C56,D56,E56,F56,G56,H56,I56,J56,K56,L56,M56) -> 11.0625
A57: ▶ 남부 (부산) — 월평균기온 및 시간대별 추정온도 (°C)
A58: 시각 (h) | B58: 1월 | C58: 2월 | D58: 3월 | E58: 4월 | F58: 5월 | G58: 6월 | H58: 7월 | I58: 8월 | J58: 9월 | K58: 10월 | L58: 11월 | M58: 12월 | N58: 연평균
A59: 월평균 (°C) | B59: 3.8 | C59: 5.4 | D59: 9.5 | E59: 15.2 | F59: 19.5 | G59: 22.5 | H59: 26 | I59: 27.2 | J59: 23.2 | K59: 17.5 | L59: 11.2 | M59: 5.5 | N59: =AVERAGE(B59,C59,D59,E59,F59,G59,H59,I59,J59,K59,L59,M59) -> 15.541667
A60: 일교차 (DTR,°C) | B60: 6.2 | C60: 7 | D60: 8.5 | E60: 9.8 | F60: 9.2 | G60: 8 | H60: 7.5 | I60: 7.2 | J60: 7.8 | K60: 8.5 | L60: 8.2 | M60: 7 | N60: =AVERAGE(B60,C60,D60,E60,F60,G60,H60,I60,J60,K60,L60,M60) -> 7.9083333
A61: 0 | B61: =B59+(B60/2)*-0.866025 -> 1.1153225 | C61: =C59+(C60/2)*-0.866025 -> 2.3689125 | D61: =D59+(D60/2)*-0.866025 -> 5.8193937 | E61: =E59+(E60/2)*-0.866025 -> 10.956477 | F61: =F59+(F60/2)*-0.866025 -> 15.516285 | G61: =G59+(G60/2)*-0.866025 -> 19.0359 | H61: =H59+(H60/2)*-0.866025 -> 22.752406 | I61: =I59+(I60/2)*-0.866025 -> 24.08231 | ... M61: =M59+(M60/2)*-0.866025 -> 2.4689125 | N61: =AVERAGE(B61,C61,D61,E61,F61,G61,H61,I61,J61,K61,L61,M61) -> 12.117259
A62: 1 | B62: =B59+(B60/2)*-0.965926 -> 0.8056294 | C62: =C59+(C60/2)*-0.965926 -> 2.019259 | D62: =D59+(D60/2)*-0.965926 -> 5.3948145 | E62: =E59+(E60/2)*-0.965926 -> 10.466963 | F62: =F59+(F60/2)*-0.965926 -> 15.05674 | G62: =G59+(G60/2)*-0.965926 -> 18.636296 | H62: =H59+(H60/2)*-0.965926 -> 22.377778 | I62: =I59+(I60/2)*-0.965926 -> 23.722666 | ... M62: =M59+(M60/2)*-0.965926 -> 2.119259 | N62: =AVERAGE(B62,C62,D62,E62,F62,G62,H62,I62,J62,K62,L62,M62) -> 11.722234
A63: 2 | B63: =B59+(B60/2)*-1 -> 0.7 | C63: =C59+(C60/2)*-1 -> 1.9 | D63: =D59+(D60/2)*-1 -> 5.25 | E63: =E59+(E60/2)*-1 -> 10.3 | F63: =F59+(F60/2)*-1 -> 14.9 | G63: =G59+(G60/2)*-1 -> 18.5 | H63: =H59+(H60/2)*-1 -> 22.25 | I63: =I59+(I60/2)*-1 -> 23.6 | ... M63: =M59+(M60/2)*-1 -> 2 | N63: =AVERAGE(B63,C63,D63,E63,F63,G63,H63,I63,J63,K63,L63,M63) -> 11.5875
A64: 3 | B64: =B59+(B60/2)*-0.965926 -> 0.8056294 | C64: =C59+(C60/2)*-0.965926 -> 2.019259 | D64: =D59+(D60/2)*-0.965926 -> 5.3948145 | E64: =E59+(E60/2)*-0.965926 -> 10.466963 | F64: =F59+(F60/2)*-0.965926 -> 15.05674 | G64: =G59+(G60/2)*-0.965926 -> 18.636296 | H64: =H59+(H60/2)*-0.965926 -> 22.377778 | I64: =I59+(I60/2)*-0.965926 -> 23.722666 | ... M64: =M59+(M60/2)*-0.965926 -> 2.119259 | N64: =AVERAGE(B64,C64,D64,E64,F64,G64,H64,I64,J64,K64,L64,M64) -> 11.722234
A65: 4 | B65: =B59+(B60/2)*-0.866025 -> 1.1153225 | C65: =C59+(C60/2)*-0.866025 -> 2.3689125 | D65: =D59+(D60/2)*-0.866025 -> 5.8193937 | E65: =E59+(E60/2)*-0.866025 -> 10.956477 | F65: =F59+(F60/2)*-0.866025 -> 15.516285 | G65: =G59+(G60/2)*-0.866025 -> 19.0359 | H65: =H59+(H60/2)*-0.866025 -> 22.752406 | I65: =I59+(I60/2)*-0.866025 -> 24.08231 | ... M65: =M59+(M60/2)*-0.866025 -> 2.4689125 | N65: =AVERAGE(B65,C65,D65,E65,F65,G65,H65,I65,J65,K65,L65,M65) -> 12.117259
A66: 5 | B66: =B59+(B60/2)*-0.707107 -> 1.6079683 | C66: =C59+(C60/2)*-0.707107 -> 2.9251255 | D66: =D59+(D60/2)*-0.707107 -> 6.4947952 | E66: =E59+(E60/2)*-0.707107 -> 11.735176 | F66: =F59+(F60/2)*-0.707107 -> 16.247308 | G66: =G59+(G60/2)*-0.707107 -> 19.671572 | H66: =H59+(H60/2)*-0.707107 -> 23.348349 | I66: =I59+(I60/2)*-0.707107 -> 24.654415 | ... M66: =M59+(M60/2)*-0.707107 -> 3.0251255 | N66: =AVERAGE(B66,C66,D66,E66,F66,G66,H66,I66,J66,K66,L66,M66) -> 12.745648
A67: 6 | B67: =B59+(B60/2)*-0.5 -> 2.25 | C67: =C59+(C60/2)*-0.5 -> 3.65 | D67: =D59+(D60/2)*-0.5 -> 7.375 | E67: =E59+(E60/2)*-0.5 -> 12.75 | F67: =F59+(F60/2)*-0.5 -> 17.2 | G67: =G59+(G60/2)*-0.5 -> 20.5 | H67: =H59+(H60/2)*-0.5 -> 24.125 | I67: =I59+(I60/2)*-0.5 -> 25.4 | ... M67: =M59+(M60/2)*-0.5 -> 3.75 | N67: =AVERAGE(B67,C67,D67,E67,F67,G67,H67,I67,J67,K67,L67,M67) -> 13.564583
A68: 7 | B68: =B59+(B60/2)*-0.258819 -> 2.9976611 | C68: =C59+(C60/2)*-0.258819 -> 4.4941335 | D68: =D59+(D60/2)*-0.258819 -> 8.4000192 | E68: =E59+(E60/2)*-0.258819 -> 13.931787 | F68: =F59+(F60/2)*-0.258819 -> 18.309433 | G68: =G59+(G60/2)*-0.258819 -> 21.464724 | H68: =H59+(H60/2)*-0.258819 -> 25.029429 | I68: =I59+(I60/2)*-0.258819 -> 26.268252 | ... M68: =M59+(M60/2)*-0.258819 -> 4.5941335 | N68: =AVERAGE(B68,C68,D68,E68,F68,G68,H68,I68,J68,K68,L68,M68) -> 14.518253
A69: 8 | B69: =B59+(B60/2)*0 -> 3.8 | C69: =C59+(C60/2)*0 -> 5.4 | D69: =D59+(D60/2)*0 -> 9.5 | E69: =E59+(E60/2)*0 -> 15.2 | F69: =F59+(F60/2)*0 -> 19.5 | G69: =G59+(G60/2)*0 -> 22.5 | H69: =H59+(H60/2)*0 -> 26 | I69: =I59+(I60/2)*0 -> 27.2 | ... M69: =M59+(M60/2)*0 -> 5.5 | N69: =AVERAGE(B69,C69,D69,E69,F69,G69,H69,I69,J69,K69,L69,M69) -> 15.541667
A70: 9 | B70: =B59+(B60/2)*0.258819 -> 4.6023389 | C70: =C59+(C60/2)*0.258819 -> 6.3058665 | D70: =D59+(D60/2)*0.258819 -> 10.599981 | E70: =E59+(E60/2)*0.258819 -> 16.468213 | F70: =F59+(F60/2)*0.258819 -> 20.690567 | G70: =G59+(G60/2)*0.258819 -> 23.535276 | H70: =H59+(H60/2)*0.258819 -> 26.970571 | I70: =I59+(I60/2)*0.258819 -> 28.131748 | ... M70: =M59+(M60/2)*0.258819 -> 6.4058665 | N70: =AVERAGE(B70,C70,D70,E70,F70,G70,H70,I70,J70,K70,L70,M70) -> 16.56508
A71: 10 | B71: =B59+(B60/2)*0.5 -> 5.35 | C71: =C59+(C60/2)*0.5 -> 7.15 | D71: =D59+(D60/2)*0.5 -> 11.625 | E71: =E59+(E60/2)*0.5 -> 17.65 | F71: =F59+(F60/2)*0.5 -> 21.8 | G71: =G59+(G60/2)*0.5 -> 24.5 | H71: =H59+(H60/2)*0.5 -> 27.875 | I71: =I59+(I60/2)*0.5 -> 29 | ... M71: =M59+(M60/2)*0.5 -> 7.25 | N71: =AVERAGE(B71,C71,D71,E71,F71,G71,H71,I71,J71,K71,L71,M71) -> 17.51875
A72: 11 | B72: =B59+(B60/2)*0.707107 -> 5.9920317 | C72: =C59+(C60/2)*0.707107 -> 7.8748745 | D72: =D59+(D60/2)*0.707107 -> 12.505205 | E72: =E59+(E60/2)*0.707107 -> 18.664824 | F72: =F59+(F60/2)*0.707107 -> 22.752692 | G72: =G59+(G60/2)*0.707107 -> 25.328428 | H72: =H59+(H60/2)*0.707107 -> 28.651651 | I72: =I59+(I60/2)*0.707107 -> 29.745585 | ... M72: =M59+(M60/2)*0.707107 -> 7.9748745 | N72: =AVERAGE(B72,C72,D72,E72,F72,G72,H72,I72,J72,K72,L72,M72) -> 18.337686
A73: 12 | B73: =B59+(B60/2)*0.866025 -> 6.4846775 | C73: =C59+(C60/2)*0.866025 -> 8.4310875 | D73: =D59+(D60/2)*0.866025 -> 13.180606 | E73: =E59+(E60/2)*0.866025 -> 19.443523 | F73: =F59+(F60/2)*0.866025 -> 23.483715 | G73: =G59+(G60/2)*0.866025 -> 25.9641 | H73: =H59+(H60/2)*0.866025 -> 29.247594 | I73: =I59+(I60/2)*0.866025 -> 30.31769 | ... M73: =M59+(M60/2)*0.866025 -> 8.5310875 | N73: =AVERAGE(B73,C73,D73,E73,F73,G73,H73,I73,J73,K73,L73,M73) -> 18.966074
A74: 13 | B74: =B59+(B60/2)*0.965926 -> 6.7943706 | C74: =C59+(C60/2)*0.965926 -> 8.780741 | D74: =D59+(D60/2)*0.965926 -> 13.605186 | E74: =E59+(E60/2)*0.965926 -> 19.933037 | F74: =F59+(F60/2)*0.965926 -> 23.94326 | G74: =G59+(G60/2)*0.965926 -> 26.363704 | H74: =H59+(H60/2)*0.965926 -> 29.622222 | I74: =I59+(I60/2)*0.965926 -> 30.677334 | ... M74: =M59+(M60/2)*0.965926 -> 8.880741 | N74: =AVERAGE(B74,C74,D74,E74,F74,G74,H74,I74,J74,K74,L74,M74) -> 19.361099
A75: 14 | B75: =B59+(B60/2)*1 -> 6.9 | C75: =C59+(C60/2)*1 -> 8.9 | D75: =D59+(D60/2)*1 -> 13.75 | E75: =E59+(E60/2)*1 -> 20.1 | F75: =F59+(F60/2)*1 -> 24.1 | G75: =G59+(G60/2)*1 -> 26.5 | H75: =H59+(H60/2)*1 -> 29.75 | I75: =I59+(I60/2)*1 -> 30.8 | ... M75: =M59+(M60/2)*1 -> 9 | N75: =AVERAGE(B75,C75,D75,E75,F75,G75,H75,I75,J75,K75,L75,M75) -> 19.495833
A76: 15 | B76: =B59+(B60/2)*0.965926 -> 6.7943706 | C76: =C59+(C60/2)*0.965926 -> 8.780741 | D76: =D59+(D60/2)*0.965926 -> 13.605186 | E76: =E59+(E60/2)*0.965926 -> 19.933037 | F76: =F59+(F60/2)*0.965926 -> 23.94326 | G76: =G59+(G60/2)*0.965926 -> 26.363704 | H76: =H59+(H60/2)*0.965926 -> 29.622222 | I76: =I59+(I60/2)*0.965926 -> 30.677334 | ... M76: =M59+(M60/2)*0.965926 -> 8.880741 | N76: =AVERAGE(B76,C76,D76,E76,F76,G76,H76,I76,J76,K76,L76,M76) -> 19.361099
A77: 16 | B77: =B59+(B60/2)*0.866025 -> 6.4846775 | C77: =C59+(C60/2)*0.866025 -> 8.4310875 | D77: =D59+(D60/2)*0.866025 -> 13.180606 | E77: =E59+(E60/2)*0.866025 -> 19.443523 | F77: =F59+(F60/2)*0.866025 -> 23.483715 | G77: =G59+(G60/2)*0.866025 -> 25.9641 | H77: =H59+(H60/2)*0.866025 -> 29.247594 | I77: =I59+(I60/2)*0.866025 -> 30.31769 | ... M77: =M59+(M60/2)*0.866025 -> 8.5310875 | N77: =AVERAGE(B77,C77,D77,E77,F77,G77,H77,I77,J77,K77,L77,M77) -> 18.966074
A78: 17 | B78: =B59+(B60/2)*0.707107 -> 5.9920317 | C78: =C59+(C60/2)*0.707107 -> 7.8748745 | D78: =D59+(D60/2)*0.707107 -> 12.505205 | E78: =E59+(E60/2)*0.707107 -> 18.664824 | F78: =F59+(F60/2)*0.707107 -> 22.752692 | G78: =G59+(G60/2)*0.707107 -> 25.328428 | H78: =H59+(H60/2)*0.707107 -> 28.651651 | I78: =I59+(I60/2)*0.707107 -> 29.745585 | ... M78: =M59+(M60/2)*0.707107 -> 7.9748745 | N78: =AVERAGE(B78,C78,D78,E78,F78,G78,H78,I78,J78,K78,L78,M78) -> 18.337686
A79: 18 | B79: =B59+(B60/2)*0.5 -> 5.35 | C79: =C59+(C60/2)*0.5 -> 7.15 | D79: =D59+(D60/2)*0.5 -> 11.625 | E79: =E59+(E60/2)*0.5 -> 17.65 | F79: =F59+(F60/2)*0.5 -> 21.8 | G79: =G59+(G60/2)*0.5 -> 24.5 | H79: =H59+(H60/2)*0.5 -> 27.875 | I79: =I59+(I60/2)*0.5 -> 29 | ... M79: =M59+(M60/2)*0.5 -> 7.25 | N79: =AVERAGE(B79,C79,D79,E79,F79,G79,H79,I79,J79,K79,L79,M79) -> 17.51875
A80: 19 | B80: =B59+(B60/2)*0.258819 -> 4.6023389 | C80: =C59+(C60/2)*0.258819 -> 6.3058665 | D80: =D59+(D60/2)*0.258819 -> 10.599981 | E80: =E59+(E60/2)*0.258819 -> 16.468213 | F80: =F59+(F60/2)*0.258819 -> 20.690567 | G80: =G59+(G60/2)*0.258819 -> 23.535276 | H80: =H59+(H60/2)*0.258819 -> 26.970571 | I80: =I59+(I60/2)*0.258819 -> 28.131748 | ... M80: =M59+(M60/2)*0.258819 -> 6.4058665 | N80: =AVERAGE(B80,C80,D80,E80,F80,G80,H80,I80,J80,K80,L80,M80) -> 16.56508
A81: 20 | B81: =B59+(B60/2)*0 -> 3.8 | C81: =C59+(C60/2)*0 -> 5.4 | D81: =D59+(D60/2)*0 -> 9.5 | E81: =E59+(E60/2)*0 -> 15.2 | F81: =F59+(F60/2)*0 -> 19.5 | G81: =G59+(G60/2)*0 -> 22.5 | H81: =H59+(H60/2)*0 -> 26 | I81: =I59+(I60/2)*0 -> 27.2 | ... M81: =M59+(M60/2)*0 -> 5.5 | N81: =AVERAGE(B81,C81,D81,E81,F81,G81,H81,I81,J81,K81,L81,M81) -> 15.541667
A82: 21 | B82: =B59+(B60/2)*-0.258819 -> 2.9976611 | C82: =C59+(C60/2)*-0.258819 -> 4.4941335 | D82: =D59+(D60/2)*-0.258819 -> 8.4000192 | E82: =E59+(E60/2)*-0.258819 -> 13.931787 | F82: =F59+(F60/2)*-0.258819 -> 18.309433 | G82: =G59+(G60/2)*-0.258819 -> 21.464724 | H82: =H59+(H60/2)*-0.258819 -> 25.029429 | I82: =I59+(I60/2)*-0.258819 -> 26.268252 | ... M82: =M59+(M60/2)*-0.258819 -> 4.5941335 | N82: =AVERAGE(B82,C82,D82,E82,F82,G82,H82,I82,J82,K82,L82,M82) -> 14.518253
A83: 22 | B83: =B59+(B60/2)*-0.5 -> 2.25 | C83: =C59+(C60/2)*-0.5 -> 3.65 | D83: =D59+(D60/2)*-0.5 -> 7.375 | E83: =E59+(E60/2)*-0.5 -> 12.75 | F83: =F59+(F60/2)*-0.5 -> 17.2 | G83: =G59+(G60/2)*-0.5 -> 20.5 | H83: =H59+(H60/2)*-0.5 -> 24.125 | I83: =I59+(I60/2)*-0.5 -> 25.4 | ... M83: =M59+(M60/2)*-0.5 -> 3.75 | N83: =AVERAGE(B83,C83,D83,E83,F83,G83,H83,I83,J83,K83,L83,M83) -> 13.564583
A84: ▶ 제주 (제주시) — 월평균기온 및 시간대별 추정온도 (°C)
A85: 시각 (h) | B85: 1월 | C85: 2월 | D85: 3월 | E85: 4월 | F85: 5월 | G85: 6월 | H85: 7월 | I85: 8월 | J85: 9월 | K85: 10월 | L85: 11월 | M85: 12월 | N85: 연평균
A86: 월평균 (°C) | B86: 6.2 | C86: 7 | D86: 10.5 | E86: 15.2 | F86: 19.5 | G86: 23 | H86: 27.2 | I86: 28 | J86: 24 | K86: 19 | L86: 13.5 | M86: 8.2 | N86: =AVERAGE(B86,C86,D86,E86,F86,G86,H86,I86,J86,K86,L86,M86) -> 16.775
A87: 일교차 (DTR,°C) | B87: 5.8 | C87: 6.5 | D87: 7.2 | E87: 8.5 | F87: 8 | G87: 7.5 | H87: 7 | I87: 6.8 | J87: 7.2 | K87: 8 | L87: 7.5 | M87: 6.2 | N87: =AVERAGE(B87,C87,D87,E87,F87,G87,H87,I87,J87,K87,L87,M87) -> 7.1833333
A88: 0 | B88: =B86+(B87/2)*-0.866025 -> 3.6885275 | C88: =C86+(C87/2)*-0.866025 -> 4.1854188 | D88: =D86+(D87/2)*-0.866025 -> 7.38231 | E88: =E86+(E87/2)*-0.866025 -> 11.519394 | F88: =F86+(F87/2)*-0.866025 -> 16.0359 | G88: =G86+(G87/2)*-0.866025 -> 19.752406 | H88: =H86+(H87/2)*-0.866025 -> 24.168912 | I88: =I86+(I87/2)*-0.866025 -> 25.055515 | ... M88: =M86+(M87/2)*-0.866025 -> 5.5153225 | N88: =AVERAGE(B88,C88,D88,E88,F88,G88,H88,I88,J88,K88,L88,M88) -> 13.664527
A89: 1 | B89: =B86+(B87/2)*-0.965926 -> 3.3988146 | C89: =C86+(C87/2)*-0.965926 -> 3.8607405 | D89: =D86+(D87/2)*-0.965926 -> 7.0226664 | E89: =E86+(E87/2)*-0.965926 -> 11.094814 | F89: =F86+(F87/2)*-0.965926 -> 15.636296 | G89: =G86+(G87/2)*-0.965926 -> 19.377778 | H89: =H86+(H87/2)*-0.965926 -> 23.819259 | I89: =I86+(I87/2)*-0.965926 -> 24.715852 | ... M89: =M86+(M87/2)*-0.965926 -> 5.2056294 | N89: =AVERAGE(B89,C89,D89,E89,F89,G89,H89,I89,J89,K89,L89,M89) -> 13.305716
A90: 2 | B90: =B86+(B87/2)*-1 -> 3.3 | C90: =C86+(C87/2)*-1 -> 3.75 | D90: =D86+(D87/2)*-1 -> 6.9 | E90: =E86+(E87/2)*-1 -> 10.95 | F90: =F86+(F87/2)*-1 -> 15.5 | G90: =G86+(G87/2)*-1 -> 19.25 | H90: =H86+(H87/2)*-1 -> 23.7 | I90: =I86+(I87/2)*-1 -> 24.6 | ... M90: =M86+(M87/2)*-1 -> 5.1 | N90: =AVERAGE(B90,C90,D90,E90,F90,G90,H90,I90,J90,K90,L90,M90) -> 13.183333
A91: 3 | B91: =B86+(B87/2)*-0.965926 -> 3.3988146 | C91: =C86+(C87/2)*-0.965926 -> 3.8607405 | D91: =D86+(D87/2)*-0.965926 -> 7.0226664 | E91: =E86+(E87/2)*-0.965926 -> 11.094814 | F91: =F86+(F87/2)*-0.965926 -> 15.636296 | G91: =G86+(G87/2)*-0.965926 -> 19.377778 | H91: =H86+(H87/2)*-0.965926 -> 23.819259 | I91: =I86+(I87/2)*-0.965926 -> 24.715852 | ... M91: =M86+(M87/2)*-0.965926 -> 5.2056294 | N91: =AVERAGE(B91,C91,D91,E91,F91,G91,H91,I91,J91,K91,L91,M91) -> 13.305716
A92: 4 | B92: =B86+(B87/2)*-0.866025 -> 3.6885275 | C92: =C86+(C87/2)*-0.866025 -> 4.1854188 | D92: =D86+(D87/2)*-0.866025 -> 7.38231 | E92: =E86+(E87/2)*-0.866025 -> 11.519394 | F92: =F86+(F87/2)*-0.866025 -> 16.0359 | G92: =G86+(G87/2)*-0.866025 -> 19.752406 | H92: =H86+(H87/2)*-0.866025 -> 24.168912 | I92: =I86+(I87/2)*-0.866025 -> 25.055515 | ... M92: =M86+(M87/2)*-0.866025 -> 5.5153225 | N92: =AVERAGE(B92,C92,D92,E92,F92,G92,H92,I92,J92,K92,L92,M92) -> 13.664527
A93: 5 | B93: =B86+(B87/2)*-0.707107 -> 4.1493897 | C93: =C86+(C87/2)*-0.707107 -> 4.7019022 | D93: =D86+(D87/2)*-0.707107 -> 7.9544148 | E93: =E86+(E87/2)*-0.707107 -> 12.194795 | F93: =F86+(F87/2)*-0.707107 -> 16.671572 | G93: =G86+(G87/2)*-0.707107 -> 20.348349 | H93: =H86+(H87/2)*-0.707107 -> 24.725125 | I93: =I86+(I87/2)*-0.707107 -> 25.595836 | ... M93: =M86+(M87/2)*-0.707107 -> 6.0079683 | N93: =AVERAGE(B93,C93,D93,E93,F93,G93,H93,I93,J93,K93,L93,M93) -> 14.235307
A94: 6 | B94: =B86+(B87/2)*-0.5 -> 4.75 | C94: =C86+(C87/2)*-0.5 -> 5.375 | D94: =D86+(D87/2)*-0.5 -> 8.7 | E94: =E86+(E87/2)*-0.5 -> 13.075 | F94: =F86+(F87/2)*-0.5 -> 17.5 | G94: =G86+(G87/2)*-0.5 -> 21.125 | H94: =H86+(H87/2)*-0.5 -> 25.45 | I94: =I86+(I87/2)*-0.5 -> 26.3 | ... M94: =M86+(M87/2)*-0.5 -> 6.65 | N94: =AVERAGE(B94,C94,D94,E94,F94,G94,H94,I94,J94,K94,L94,M94) -> 14.979167
A95: 7 | B95: =B86+(B87/2)*-0.258819 -> 5.4494249 | C95: =C86+(C87/2)*-0.258819 -> 6.1588382 | D95: =D86+(D87/2)*-0.258819 -> 9.5682516 | E95: =E86+(E87/2)*-0.258819 -> 14.100019 | F95: =F86+(F87/2)*-0.258819 -> 18.464724 | G95: =G86+(G87/2)*-0.258819 -> 22.029429 | H95: =H86+(H87/2)*-0.258819 -> 26.294134 | I95: =I86+(I87/2)*-0.258819 -> 27.120015 | ... M95: =M86+(M87/2)*-0.258819 -> 7.3976611 | N95: =AVERAGE(B95,C95,D95,E95,F95,G95,H95,I95,J95,K95,L95,M95) -> 15.845408
A96: 8 | B96: =B86+(B87/2)*0 -> 6.2 | C96: =C86+(C87/2)*0 -> 7 | D96: =D86+(D87/2)*0 -> 10.5 | E96: =E86+(E87/2)*0 -> 15.2 | F96: =F86+(F87/2)*0 -> 19.5 | G96: =G86+(G87/2)*0 -> 23 | H96: =H86+(H87/2)*0 -> 27.2 | I96: =I86+(I87/2)*0 -> 28 | ... M96: =M86+(M87/2)*0 -> 8.2 | N96: =AVERAGE(B96,C96,D96,E96,F96,G96,H96,I96,J96,K96,L96,M96) -> 16.775
A97: 9 | B97: =B86+(B87/2)*0.258819 -> 6.9505751 | C97: =C86+(C87/2)*0.258819 -> 7.8411618 | D97: =D86+(D87/2)*0.258819 -> 11.431748 | E97: =E86+(E87/2)*0.258819 -> 16.299981 | F97: =F86+(F87/2)*0.258819 -> 20.535276 | G97: =G86+(G87/2)*0.258819 -> 23.970571 | H97: =H86+(H87/2)*0.258819 -> 28.105866 | I97: =I86+(I87/2)*0.258819 -> 28.879985 | ... M97: =M86+(M87/2)*0.258819 -> 9.0023389 | N97: =AVERAGE(B97,C97,D97,E97,F97,G97,H97,I97,J97,K97,L97,M97) -> 17.704592
A98: 10 | B98: =B86+(B87/2)*0.5 -> 7.65 | C98: =C86+(C87/2)*0.5 -> 8.625 | D98: =D86+(D87/2)*0.5 -> 12.3 | E98: =E86+(E87/2)*0.5 -> 17.325 | F98: =F86+(F87/2)*0.5 -> 21.5 | G98: =G86+(G87/2)*0.5 -> 24.875 | H98: =H86+(H87/2)*0.5 -> 28.95 | I98: =I86+(I87/2)*0.5 -> 29.7 | ... M98: =M86+(M87/2)*0.5 -> 9.75 | N98: =AVERAGE(B98,C98,D98,E98,F98,G98,H98,I98,J98,K98,L98,M98) -> 18.570833
A99: 11 | B99: =B86+(B87/2)*0.707107 -> 8.2506103 | C99: =C86+(C87/2)*0.707107 -> 9.2980978 | D99: =D86+(D87/2)*0.707107 -> 13.045585 | E99: =E86+(E87/2)*0.707107 -> 18.205205 | F99: =F86+(F87/2)*0.707107 -> 22.328428 | G99: =G86+(G87/2)*0.707107 -> 25.651651 | H99: =H86+(H87/2)*0.707107 -> 29.674875 | I99: =I86+(I87/2)*0.707107 -> 30.404164 | ... M99: =M86+(M87/2)*0.707107 -> 10.392032 | N99: =AVERAGE(B99,C99,D99,E99,F99,G99,H99,I99,J99,K99,L99,M99) -> 19.314693
A100: 12 | B100: =B86+(B87/2)*0.866025 -> 8.7114725 | C100: =C86+(C87/2)*0.866025 -> 9.8145812 | D100: =D86+(D87/2)*0.866025 -> 13.61769 | E100: =E86+(E87/2)*0.866025 -> 18.880606 | F100: =F86+(F87/2)*0.866025 -> 22.9641 | G100: =G86+(G87/2)*0.866025 -> 26.247594 | H100: =H86+(H87/2)*0.866025 -> 30.231088 | I100: =I86+(I87/2)*0.866025 -> 30.944485 | ... M100: =M86+(M87/2)*0.866025 -> 10.884677 | N100: =AVERAGE(B100,C100,D100,E100,F100,G100,H100,I100,J100,K100,L100,M100) -> 19.885473
A101: 13 | B101: =B86+(B87/2)*0.965926 -> 9.0011854 | C101: =C86+(C87/2)*0.965926 -> 10.139259 | D101: =D86+(D87/2)*0.965926 -> 13.977334 | E101: =E86+(E87/2)*0.965926 -> 19.305186 | F101: =F86+(F87/2)*0.965926 -> 23.363704 | G101: =G86+(G87/2)*0.965926 -> 26.622222 | H101: =H86+(H87/2)*0.965926 -> 30.580741 | I101: =I86+(I87/2)*0.965926 -> 31.284148 | ... M101: =M86+(M87/2)*0.965926 -> 11.194371 | N101: =AVERAGE(B101,C101,D101,E101,F101,G101,H101,I101,J101,K101,L101,M101) -> 20.244284
...

Sheet COP_계산기
A1: 히트펌프 난방 COP 계산기 | 시간별 온도 → 난방수요 가중평균 sCOP 자동 계산
A3: ▶ 입력 파라미터 (파란 글씨 셀만 수정)
A4: 공급수 온도 Ts (°C) | D4: 55 | E4: ← 바닥난방 35~45 / 라디에이터 55~70
A5: 카르노 보정계수 η | D5: 0.45 | E5: ← 실제/이론 효율비. 일반 범위: 0.4~0.6
A6: 난방 기준온도 Tbase (°C) | D6: 18 | E6: ← HDD 계산 기준. 국내 표준: 15°C 또는 18°C
A7: 목표 sCOP | D7: 3 | E7: ← 달성 목표값 (비교용)
A9: ※ 계산식: COP(월,h) = η × (Ts+273) / max(1, Ts−T(월,h)) │ 월평균COP = 난방시간 가중평균 (T < Tbase 시간만 포함) │ sCOP = Σ(월난방수요×월COP) / Σ(월난방수요) │ T 데이터 출처: '외기온도_시간분포' 시트
A11: 지역 | B11: 항목 | C11: 1월 | D11: 2월 | E11: 3월 | F11: 4월 | G11: 5월 | H11: 6월 | I11: 7월 | J11: 8월 | K11: 9월 | L11: 10월 | M11: 11월 | N11: 12월 | O11: 연간 합계/평균 | P11: sCOP (HDD가중) | Q11: 목표 sCOP | R11: 달성 여부
A12: 중부1 | B12: 월평균기온(°C) | C12: =외기온도_시간분포!B5 -> -9.2 | D12: =외기온도_시간분포!C5 -> -6.3 | E12: =외기온도_시간분포!D5 -> 0.3 | F12: =외기온도_시간분포!E5 -> 8.4 | G12: =외기온도_시간분포!F5 -> 15 | H12: =외기온도_시간분포!G5 -> 19.6 | I12: =외기온도_시간분포!H5 -> 24.1 | J12: =외기온도_시간분포!I5 -> 24.3 | ... N12: =외기온도_시간분포!M5 -> -6.8 | O12: =AVERAGE(C12:N12) -> 8.2083333 | P12: =IFERROR(SUMPRODUCT(C13:N13,C14:N14)/SUM(C13:N13),0) -> 2.6069253 | Q12: =$D$7 -> 3 | R12: =IF(P12>=$D$7,"✓ 달성","✗ 미달") -> ✗ 미달
B13: 월 HDD (난방도일) | C13: =MAX(0,$D$6-C12)*31 -> 843.2 | D13: =MAX(0,$D$6-D12)*28 -> 680.4 | E13: =MAX(0,$D$6-E12)*31 -> 548.7 | F13: =MAX(0,$D$6-F12)*30 -> 288 | G13: =MAX(0,$D$6-G12)*31 -> 93 | H13: =MAX(0,$D$6-H12)*30 -> 0 | I13: =MAX(0,$D$6-I12)*31 -> 0 | J13: =MAX(0,$D$6-J12)*31 -> 0 | K13: =MAX(0,$D$6-K12)*30 -> 6 | L13: =MAX(0,$D$6-L12)*31 -> 254.2 | M13: =MAX(0,$D$6-M12)*30 -> 495 | N13: =MAX(0,$D$6-N12)*31 -> 768.8 | O13: =SUM(C13:N13) -> 3977.3
B14: 월 COP (난방시간 가중) | C14: =$D$5*($D$4+273)/MAX(1,$D$4-C12) -> 2.2990654 | D14: =$D$5*($D$4+273)/MAX(1,$D$4-D12) -> 2.4078303 | E14: =$D$5*($D$4+273)/MAX(1,$D$4-E12) -> 2.6983547 | F14: =$D$5*($D$4+273)/MAX(1,$D$4-F12) -> 3.167382 | G14: =$D$5*($D$4+273)/MAX(1,$D$4-G12) -> 3.69 | H14: =$D$5*($D$4+273)/MAX(1,$D$4-H12) -> 4.1694915 | I14: =$D$5*($D$4+273)/MAX(1,$D$4-I12) -> 4.776699 | J14: =$D$5*($D$4+273)/MAX(1,$D$4-J12) -> 4.8078176 | ... N14: =$D$5*($D$4+273)/MAX(1,$D$4-N12) -> 2.3883495 | O14: =AVERAGE(C14:N14) -> 3.3664248
A16: 중부2 | B16: 월평균기온(°C) | C16: =외기온도_시간분포!B32 -> -1.8 | D16: =외기온도_시간분포!C32 -> 0.8 | E16: =외기온도_시간분포!D32 -> 6.5 | F16: =외기온도_시간분포!E32 -> 13.2 | G16: =외기온도_시간분포!F32 -> 18.5 | H16: =외기온도_시간분포!G32 -> 23 | I16: =외기온도_시간분포!H32 -> 26.4 | J16: =외기온도_시간분포!I32 -> 27.1 | ... N16: =외기온도_시간분포!M32 -> 0.5 | O16: =AVERAGE(C16:N16) -> 13.241667 | P16: =IFERROR(SUMPRODUCT(C17:N17,C18:N18)/SUM(C17:N17),0) -> 2.8619392 | Q16: =$D$7 -> 3 | R16: =IF(P16>=$D$7,"✓ 달성","✗ 미달") -> ✗ 미달
B17: 월 HDD (난방도일) | C17: =MAX(0,$D$6-C16)*31 -> 613.8 | D17: =MAX(0,$D$6-D16)*28 -> 481.6 | E17: =MAX(0,$D$6-E16)*31 -> 356.5 | F17: =MAX(0,$D$6-F16)*30 -> 144 | G17: =MAX(0,$D$6-G16)*31 -> 0 | H17: =MAX(0,$D$6-H16)*30 -> 0 | I17: =MAX(0,$D$6-I16)*31 -> 0 | J17: =MAX(0,$D$6-J16)*31 -> 0 | K17: =MAX(0,$D$6-K16)*30 -> 0 | L17: =MAX(0,$D$6-L16)*31 -> 86.8 | M17: =MAX(0,$D$6-M16)*30 -> 315 | N17: =MAX(0,$D$6-N16)*31 -> 542.5 | O17: =SUM(C17:N17) -> 2540.2
B18: 월 COP (난방시간 가중) | C18: =$D$5*($D$4+273)/MAX(1,$D$4-C16) -> 2.5985915 | D18: =$D$5*($D$4+273)/MAX(1,$D$4-D16) -> 2.7232472 | E18: =$D$5*($D$4+273)/MAX(1,$D$4-E16) -> 3.043299 | F18: =$D$5*($D$4+273)/MAX(1,$D$4-F16) -> 3.5311005 | G18: =$D$5*($D$4+273)/MAX(1,$D$4-G16) -> 4.0438356 | H18: =$D$5*($D$4+273)/MAX(1,$D$4-H16) -> 4.6125 | I18: =$D$5*($D$4+273)/MAX(1,$D$4-I16) -> 5.1608392 | J18: =$D$5*($D$4+273)/MAX(1,$D$4-J16) -> 5.2903226 | ... N18: =$D$5*($D$4+273)/MAX(1,$D$4-N16) -> 2.7082569 | O18: =AVERAGE(C18:N18) -> 3.7500526
A20: 남부 | B20: 월평균기온(°C) | C20: =외기온도_시간분포!B59 -> 3.8 | D20: =외기온도_시간분포!C59 -> 5.4 | E20: =외기온도_시간분포!D59 -> 9.5 | F20: =외기온도_시간분포!E59 -> 15.2 | G20: =외기온도_시간분포!F59 -> 19.5 | H20: =외기온도_시간분포!G59 -> 22.5 | I20: =외기온도_시간분포!H59 -> 26 | J20: =외기온도_시간분포!I59 -> 27.2 | ... N20: =외기온도_시간분포!M59 -> 5.5 | O20: =AVERAGE(C20:N20) -> 15.541667 | P20: =IFERROR(SUMPRODUCT(C21:N21,C22:N22)/SUM(C21:N21),0) -> 3.0838874 | Q20: =$D$7 -> 3 | R20: =IF(P20>=$D$7,"✓ 달성","✗ 미달") -> ✓ 달성
B21: 월 HDD (난방도일) | C21: =MAX(0,$D$6-C20)*31 -> 440.2 | D21: =MAX(0,$D$6-D20)*28 -> 352.8 | E21: =MAX(0,$D$6-E20)*31 -> 263.5 | F21: =MAX(0,$D$6-F20)*30 -> 84 | G21: =MAX(0,$D$6-G20)*31 -> 0 | H21: =MAX(0,$D$6-H20)*30 -> 0 | I21: =MAX(0,$D$6-I20)*31 -> 0 | J21: =MAX(0,$D$6-J20)*31 -> 0 | K21: =MAX(0,$D$6-K20)*30 -> 0 | L21: =MAX(0,$D$6-L20)*31 -> 15.5 | M21: =MAX(0,$D$6-M20)*30 -> 204 | N21: =MAX(0,$D$6-N20)*31 -> 387.5 | O21: =SUM(C21:N21) -> 1747.5
B22: 월 COP (난방시간 가중) | C22: =$D$5*($D$4+273)/MAX(1,$D$4-C20) -> 2.8828125 | D22: =$D$5*($D$4+273)/MAX(1,$D$4-D20) -> 2.9758065 | E22: =$D$5*($D$4+273)/MAX(1,$D$4-E20) -> 3.243956 | F22: =$D$5*($D$4+273)/MAX(1,$D$4-F20) -> 3.7085427 | G22: =$D$5*($D$4+273)/MAX(1,$D$4-G20) -> 4.1577465 | H22: =$D$5*($D$4+273)/MAX(1,$D$4-H20) -> 4.5415385 | I22: =$D$5*($D$4+273)/MAX(1,$D$4-I20) -> 5.0896552 | J22: =$D$5*($D$4+273)/MAX(1,$D$4-J20) -> 5.3093525 | ... N22: =$D$5*($D$4+273)/MAX(1,$D$4-N20) -> 2.9818182 | O22: =AVERAGE(C22:N22) -> 3.9032167
A24: 제주 | B24: 월평균기온(°C) | C24: =외기온도_시간분포!B86 -> 6.2 | D24: =외기온도_시간분포!C86 -> 7 | E24: =외기온도_시간분포!D86 -> 10.5 | F24: =외기온도_시간분포!E86 -> 15.2 | G24: =외기온도_시간분포!F86 -> 19.5 | H24: =외기온도_시간분포!G86 -> 23 | I24: =외기온도_시간분포!H86 -> 27.2 | J24: =외기온도_시간분포!I86 -> 28 | ... N24: =외기온도_시간분포!M86 -> 8.2 | O24: =AVERAGE(C24:N24) -> 16.775 | P24: =IFERROR(SUMPRODUCT(C25:N25,C26:N26)/SUM(C25:N25),0) -> 3.2009406 | Q24: =$D$7 -> 3 | R24: =IF(P24>=$D$7,"✓ 달성","✗ 미달") -> ✓ 달성
B25: 월 HDD (난방도일) | C25: =MAX(0,$D$6-C24)*31 -> 365.8 | D25: =MAX(0,$D$6-D24)*28 -> 308 | E25: =MAX(0,$D$6-E24)*31 -> 232.5 | F25: =MAX(0,$D$6-F24)*30 -> 84 | G25: =MAX(0,$D$6-G24)*31 -> 0 | H25: =MAX(0,$D$6-H24)*30 -> 0 | I25: =MAX(0,$D$6-I24)*31 -> 0 | J25: =MAX(0,$D$6-J24)*31 -> 0 | K25: =MAX(0,$D$6-K24)*30 -> 0 | L25: =MAX(0,$D$6-L24)*31 -> 0 | M25: =MAX(0,$D$6-M24)*30 -> 135 | N25: =MAX(0,$D$6-N24)*31 -> 303.8 | O25: =SUM(C25:N25) -> 1429.1
B26: 월 COP (난방시간 가중) | C26: =$D$5*($D$4+273)/MAX(1,$D$4-C24) -> 3.0245902 | D26: =$D$5*($D$4+273)/MAX(1,$D$4-D24) -> 3.075 | E26: =$D$5*($D$4+273)/MAX(1,$D$4-E24) -> 3.3168539 | F26: =$D$5*($D$4+273)/MAX(1,$D$4-F24) -> 3.7085427 | G26: =$D$5*($D$4+273)/MAX(1,$D$4-G24) -> 4.1577465 | H26: =$D$5*($D$4+273)/MAX(1,$D$4-H24) -> 4.6125 | I26: =$D$5*($D$4+273)/MAX(1,$D$4-I24) -> 5.3093525 | J26: =$D$5*($D$4+273)/MAX(1,$D$4-J24) -> 5.4666667 | ... N26: =$D$5*($D$4+273)/MAX(1,$D$4-N24) -> 3.1538462 | O26: =AVERAGE(C26:N26) -> 4.0202513

Sheet 전기요금
AK3: 최종 파일(월별 1kW당 발전량)(단위: kWh)
C4: 주택용 저압 기타계절 | S4: HP전기요금 연합계 | T4: 기존난방비 연합계 | U4: 난방비 Saving 비율 | AK4: 광역지자체 | AM4: 1월 | AN4: 2월 | AO4: 3월 | AP4: 4월 | AQ4: 5월 | AR4: 6월 | AS4: 7월 | AT4: 8월 | AU4: 9월 | AV4: 10월 | AW4: 11월 | AX4: 12월 | AZ4: 가전만 청구합계(차감기준)
B5: 기본요금(원/호) | D5: 전력량요금(원/kWh) | H5: 누진제 태X | I5: 도시가스(컨덴싱)->HP | J5: 기본요금 | K5: 사용량요금 | L5: 기후환경요금 | M5: 연료비조정요금 | N5: 전기요금계 | O5: 부가가치세 | P5: 전력산업기반기금 | Q5: 청구요금합계 | R5: HP전기요금 | S5: =SUM(R6:R17) -> 3483280 | T5: =Sheet2!O18 -> 1620551.6 | U5: =(T5-S5)/T5 -> -1.1494409 | AK5: 서울특별시 | AM5: 53.059104 | AN5: 79.802604 | AO5: 92.616561 | AP5: 104.98734 | AQ5: 98.064594 | AR5: 96.96429 | AS5: 95.222142 | AT5: 72.719397 | AU5: 56.61981 | AV5: 67.745106 | AW5: 65.55978 | AX5: 49.979781 | BA5: 월 | BB5: 누진_태X | BC5: 누진_태O | BD5: 계시_태X | BE5: 계시_태O
B6: 200kWh이하 사용 | C6: 910 | D6: 처음 200kWh까지 | E6: 120 | I6: 1 | J6: =IF((Sheet2!C54+C23)<=200, 910, IF((Sheet2!C54+C23)<=400, 1600, 7300)) -> 7300 | K6: =INT(IF((Sheet2!C54+C23)<=200, (Sheet2!C54+C23)*120, IF((Sheet2!C54+C23)<=400, 24000+((Sheet2!C54+C23)-200)*214.6, 66920+((Sheet2!C54+C23)-400)*307.3)))+INT(MAX((Sheet2!C54+C23)-1000,0)*(736.2-307.3)) -> 1493421 | L6: =INT((Sheet2!C54+C23)*9) -> 24184 | M6: =INT((Sheet2!C54+C23)*5) -> 13436 | N6: =SUM(J6:M6) -> 1538341 | O6: =ROUND(N6*0.1, 0) -> 153834 | P6: =FLOOR(N6*0.027, 10) -> 41530 | Q6: =FLOOR(N6+O6+P6, 10) -> 1733700 | R6: =MAX(Q6-BB6,0) -> 1003750 | AK6: 인천광역시 | AM6: 53.059104 | AN6: 79.802604 | AO6: 92.616561 | AP6: 104.98734 | AQ6: 98.064594 | AR6: 96.96429 | AS6: 95.222142 | AT6: 72.719397 | AU6: 56.61981 | AV6: 67.745106 | AW6: 65.55978 | AX6: 49.979781 | BA6: 1 | BB6: =FLOOR(((IF((0+C23)<=200, 910, IF((0+C23)<=400, 1600, 7300)))+(INT(IF((0+C23)<=200, (0+C23)*120, IF((0+C23)<=400, 24000+((0+C23)-200)*214.6, 66920+((0+C23)-400)*307.3)))+INT(MAX((0+C23)-1000,0)*(736.2-307.3)))+(INT((0+C23)*9))+(INT((0+C23)*5)))+ROUND(((IF((0+C23)<=200, 910, IF((0+C23)<=400, 1600, 7300)))+(INT(IF((0+C23)<=200, (0+C23)*120, IF((0+C23)<=400, 24000+((0+C23)-200)*214.6, 66920+((0+C23)-400)*307.3)))+INT(MAX((0+C23)-1000,0)*(736.2-307.3)))+(INT((0+C23)*9))+(INT((0+C23)*5)))*0.1,0)+FLOOR(((IF((0+C23)<=200, 910, IF((0+C23)<=400, 1600, 7300)))+(INT(IF((0+C23)<=200, (0+C23)*120, IF((0+C23)<=400, 24000+((0+C23)-200)*214.6, 66920+((0+C23)-400)*307.3)))+INT(MAX((0+C23)-1000,0)*(736.2-307.3)))+(INT((0+C23)*9))+(INT((0+C23)*5)))*0.027,10),10) -> 729950 | BC6: =FLOOR(((IF(MAX(0+C23-C37,0)<=200, 910, IF(MAX(0+C23-C37,0)<=400, 1600, 7300)))+(INT(IF(MAX(0+C23-C37,0)<=200, MAX(0+C23-C37,0)*120, IF(MAX(0+C23-C37,0)<=400, 24000+(MAX(0+C23-C37,0)-200)*214.6, 66920+(MAX(0+C23-C37,0)-400)*307.3)))+INT(MAX(MAX(0+C23-C37,0)-1000,0)*(736.2-307.3)))+(INT(MAX(0+C23-C37,0)*9))+(INT(MAX(0+C23-C37,0)*5)))+ROUND(((IF(MAX(0+C23-C37,0)<=200, 910, IF(MAX(0+C23-C37,0)<=400, 1600, 7300)))+(INT(IF(MAX(0+C23-C37,0)<=200, MAX(0+C23-C37,0)*120, IF(MAX(0+C23-C37,0)<=400, 24000+(MAX(0+C23-C37,0)-200)*214.6, 66920+(MAX(0+C23-C37,0)-400)*307.3)))+INT(MAX(MAX(0+C23-C37,0)-1000,0)*(736.2-307.3)))+(INT(MAX(0+C23-C37,0)*9))+(INT(MAX(0+C23-C37,0)*5)))*0.1,0)+FLOOR(((IF(MAX(0+C23-C37,0)<=200, 910, IF(MAX(0+C23-C37,0)<=400, 1600, 7300)))+(INT(IF(MAX(0+C23-C37,0)<=200, MAX(0+C23-C37,0)*120, IF(MAX(0+C23-C37,0)<=400, 24000+(MAX(0+C23-C37,0)-200)*214.6, 66920+(MAX(0+C23-C37,0)-400)*307.3)))+INT(MAX(MAX(0+C23-C37,0)-1000,0)*(736.2-307.3)))+(INT(MAX(0+C23-C37,0)*9))+(INT(MAX(0+C23-C37,0)*5)))*0.027,10),10) -> 729950 | BD6: =FLOOR((($C$170*3)+(ROUNDDOWN(0*43.37%*138.7 + 0*28.76%*184.7 + 0*27.87%*220.5 + C23*30%*138.7 + C23*30%*184.7 + C23*40%*220.5, 0)+INT(MAX((0+C23)-1000,0)*(736.2-IF((0+C23)=0,0,(ROUNDDOWN(0*43.37%*138.7 + 0*28.76%*184.7 + 0*27.87%*220.5 + C23*30%*138.7 + C23*30%*184.7 + C23*40%*220.5, 0))/(0+C23)))))+(INT((0+C23)*9))+(INT((0+C23)*5)))+ROUND((($C$170*3)+(ROUNDDOWN(0*43.37%*138.7 + 0*28.76%*184.7 + 0*27.87%*220.5 + C23*30%*138.7 + C23*30%*184.7 + C23*40%*220.5, 0)+INT(MAX((0+C23)-1000,0)*(736.2-IF((0+C23)=0,0,(ROUNDDOWN(0*43.37%*138.7 + 0*28.76%*184.7 + 0*27.87%*220.5 + C23*30%*138.7 + C23*30%*184.7 + C23*40%*220.5, 0))/(0+C23)))))+(INT((0+C23)*9))+(INT((0+C23)*5)))*0.1,0)+FLOOR((($C$170*3)+(ROUNDDOWN(0*43.37%*138.7 + 0*28.76%*184.7 + 0*27.87%*220.5 + C23*30%*138.7 + C23*30%*184.7 + C23*40%*220.5, 0)+INT(MAX((0+C23)-1000,0)*(736.2-IF((0+C23)=0,0,(ROUNDDOWN(0*43.37%*138.7 + 0*28.76%*184.7 + 0*27.87%*220.5 + C23*30%*138.7 + C23*30%*184.7 + C23*40%*220.5, 0))/(0+C23)))))+(INT((0+C23)*9))+(INT((0+C23)*5)))*0.027,10),10) -> 661820 | BE6: =FLOOR((($C$170*3)+(ROUNDDOWN(MAX(0*43.37% + C23*30% - C37*0.0062%,0)*138.7 + MAX(0*28.76% + C23*30% - C37*95.4981%,0)*184.7 + MAX(0*27.87% + C23*40% - C37*4.4957%,0)*220.5,0)+INT(MAX(MAX(0+C23-C37,0)-1000,0)*(736.2-IF(MAX(0+C23-C37,0)=0,0,(ROUNDDOWN(MAX(0*43.37% + C23*30% - C37*0.0062%,0)*138.7 + MAX(0*28.76% + C23*30% - C37*95.4981%,0)*184.7 + MAX(0*27.87% + C23*40% - C37*4.4957%,0)*220.5,0))/MAX(0+C23-C37,0)))))+(INT(MAX(0+C23-C37,0)*9))+(INT(MAX(0+C23-C37,0)*5)))+ROUND((($C$170*3)+(ROUNDDOWN(MAX(0*43.37% + C23*30% - C37*0.0062%,0)*138.7 + MAX(0*28.76% + C23*30% - C37*95.4981%,0)*184.7 + MAX(0*27.87% + C23*40% - C37*4.4957%,0)*220.5,0)+INT(MAX(MAX(0+C23-C37,0)-1000,0)*(736.2-IF(MAX(0+C23-C37,0)=0,0,(ROUNDDOWN(MAX(0*43.37% + C23*30% - C37*0.0062%,0)*138.7 + MAX(0*28.76% + C23*30% - C37*95.4981%,0)*184.7 + MAX(0*27.87% + C23*40% - C37*4.4957%,0)*220.5,0))/MAX(0+C23-C37,0)))))+(INT(MAX(0+C23-C37,0)*9))+(INT(MAX(0+C23-C37,0)*5)))*0.1,0)+FLOOR((($C$170*3)+(ROUNDDOWN(MAX(0*43.37% + C23*30% - C37*0.0062%,0)*138.7 + MAX(0*28.76% + C23*30% - C37*95.4981%,0)*184.7 + MAX(0*27.87% + C23*40% - C37*4.4957%,0)*220.5,0)+INT(MAX(MAX(0+C23-C37,0)-1000,0)*(736.2-IF(MAX(0+C23-C37,0)=0,0,(ROUNDDOWN(MAX(0*43.37% + C23*30% - C37*0.0062%,0)*138.7 + MAX(0*28.76% + C23*30% - C37*95.4981%,0)*184.7 + MAX(0*27.87% + C23*40% - C37*4.4957%,0)*220.5,0))/MAX(0+C23-C37,0)))))+(INT(MAX(0+C23-C37,0)*9))+(INT(MAX(0+C23-C37,0)*5)))*0.027,10),10) -> 661820
B7: 201~400kWh 사용 | C7: 1600 | D7: 다음 200kWh까지 | E7: 214.6 | I7: 2 | J7: =IF((Sheet2!D54+C24)<=200, 910, IF((Sheet2!D54+C24)<=400, 1600, 7300)) -> 7300 | K7: =INT(IF((Sheet2!D54+C24)<=200, (Sheet2!D54+C24)*120, IF((Sheet2!D54+C24)<=400, 24000+((Sheet2!D54+C24)-200)*214.6, 66920+((Sheet2!D54+C24)-400)*307.3)))+INT(MAX((Sheet2!D54+C24)-1000,0)*(736.2-307.3)) -> 1393831 | L7: =INT((Sheet2!D54+C24)*9) -> 22967 | M7: =INT((Sheet2!D54+C24)*5) -> 12759 | N7: =SUM(J7:M7) -> 1436857 | O7: =ROUND(N7*0.1, 0) -> 143686 | P7: =FLOOR(N7*0.027, 10) -> 38790 | Q7: =FLOOR(N7+O7+P7, 10) -> 1619330 | R7: =MAX(Q7-BB7,0) -> 880440 | AK7: 세종특별자치시 | AM7: 53.295975 | AN7: 80.016552 | AO7: 89.537238 | AP7: 109.34271 | AQ7: 100.67018 | AR7: 99.02736 | AS7: 102.56514 | AT7: 69.166332 | AU7: 55.0152 | AV7: 69.876945 | AW7: 67.62285 | AX7: 50.216652 | BA7: 2 | BB7: =FLOOR(((IF((0+C24)<=200, 910, IF((0+C24)<=400, 1600, 7300)))+(INT(IF((0+C24)<=200, (0+C24)*120, IF((0+C24)<=400, 24000+((0+C24)-200)*214.6, 66920+((0+C24)-400)*307.3)))+INT(MAX((0+C24)-1000,0)*(736.2-307.3)))+(INT((0+C24)*9))+(INT((0+C24)*5)))+ROUND(((IF((0+C24)<=200, 910, IF((0+C24)<=400, 1600, 7300)))+(INT(IF((0+C24)<=200, (0+C24)*120, IF((0+C24)<=400, 24000+((0+C24)-200)*214.6, 66920+((0+C24)-400)*307.3)))+INT(MAX((0+C24)-1000,0)*(736.2-307.3)))+(INT((0+C24)*9))+(INT((0+C24)*5)))*0.1,0)+FLOOR(((IF((0+C24)<=200, 910, IF((0+C24)<=400, 1600, 7300)))+(INT(IF((0+C24)<=200, (0+C24)*120, IF((0+C24)<=400, 24000+((0+C24)-200)*214.6, 66920+((0+C24)-400)*307.3)))+INT(MAX((0+C24)-1000,0)*(736.2-307.3)))+(INT((0+C24)*9))+(INT((0+C24)*5)))*0.027,10),10) -> 738890 | BC7: =FLOOR(((IF(MAX(0+C24-C38,0)<=200, 910, IF(MAX(0+C24-C38,0)<=400, 1600, 7300)))+(INT(IF(MAX(0+C24-C38,0)<=200, MAX(0+C24-C38,0)*120, IF(MAX(0+C24-C38,0)<=400, 24000+(MAX(0+C24-C38,0)-200)*214.6, 66920+(MAX(0+C24-C38,0)-400)*307.3)))+INT(MAX(MAX(0+C24-C38,0)-1000,0)*(736.2-307.3)))+(INT(MAX(0+C24-C38,0)*9))+(INT(MAX(0+C24-C38,0)*5)))+ROUND(((IF(MAX(0+C24-C38,0)<=200, 910, IF(MAX(0+C24-C38,0)<=400, 1600, 7300)))+(INT(IF(MAX(0+C24-C38,0)<=200, MAX(0+C24-C38,0)*120, IF(MAX(0+C24-C38,0)<=400, 24000+(MAX(0+C24-C38,0)-200)*214.6, 66920+(MAX(0+C24-C38,0)-400)*307.3)))+INT(MAX(MAX(0+C24-C38,0)-1000,0)*(736.2-307.3)))+(INT(MAX(0+C24-C38,0)*9))+(INT(MAX(0+C24-C38,0)*5)))*0.1,0)+FLOOR(((IF(MAX(0+C24-C38,0)<=200, 910, IF(MAX(0+C24-C38,0)<=400, 1600, 7300)))+(INT(IF(MAX(0+C24-C38,0)<=200, MAX(0+C24-C38,0)*120, IF(MAX(0+C24-C38,0)<=400, 24000+(MAX(0+C24-C38,0)-200)*214.6, 66920+(MAX(0+C24-C38,0)-400)*307.3)))+INT(MAX(MAX(0+C24-C38,0)-1000,0)*(736.2-307.3)))+(INT(MAX(0+C24-C38,0)*9))+(INT(MAX(0+C24-C38,0)*5)))*0.027,10),10) -> 738890 | BD7: =FLOOR((($C$170*3)+(ROUNDDOWN(0*44.03%*138.7 + 0*28.8%*184.7 + 0*27.16%*220.5 + C24*30%*138.7 + C24*30%*184.7 + C24*40%*220.5, 0)+INT(MAX((0+C24)-1000,0)*(736.2-IF((0+C24)=0,0,(ROUNDDOWN(0*44.03%*138.7 + 0*28.8%*184.7 + 0*27.16%*220.5 + C24*30%*138.7 + C24*30%*184.7 + C24*40%*220.5, 0))/(0+C24)))))+(INT((0+C24)*9))+(INT((0+C24)*5)))+ROUND((($C$170*3)+(ROUNDDOWN(0*44.03%*138.7 + 0*28.8%*184.7 + 0*27.16%*220.5 + C24*30%*138.7 + C24*30%*184.7 + C24*40%*220.5, 0)+INT(MAX((0+C24)-1000,0)*(736.2-IF((0+C24)=0,0,(ROUNDDOWN(0*44.03%*138.7 + 0*28.8%*184.7 + 0*27.16%*220.5 + C24*30%*138.7 + C24*30%*184.7 + C24*40%*220.5, 0))/(0+C24)))))+(INT((0+C24)*9))+(INT((0+C24)*5)))*0.1,0)+FLOOR((($C$170*3)+(ROUNDDOWN(0*44.03%*138.7 + 0*28.8%*184.7 + 0*27.16%*220.5 + C24*30%*138.7 + C24*30%*184.7 + C24*40%*220.5, 0)+INT(MAX((0+C24)-1000,0)*(736.2-IF((0+C24)=0,0,(ROUNDDOWN(0*44.03%*138.7 + 0*28.8%*184.7 + 0*27.16%*220.5 + C24*30%*138.7 + C24*30%*184.7 + C24*40%*220.5, 0))/(0+C24)))))+(INT((0+C24)*9))+(INT((0+C24)*5)))*0.027,10),10) -> 670760 | BE7: =FLOOR((($C$170*3)+(ROUNDDOWN(MAX(0*44.03% + C24*30% - C38*0.1791%,0)*138.7 + MAX(0*28.8% + C24*30% - C38*92.1596%,0)*184.7 + MAX(0*27.16% + C24*40% - C38*7.6613%,0)*220.5,0)+INT(MAX(MAX(0+C24-C38,0)-1000,0)*(736.2-IF(MAX(0+C24-C38,0)=0,0,(ROUNDDOWN(MAX(0*44.03% + C24*30% - C38*0.1791%,0)*138.7 + MAX(0*28.8% + C24*30% - C38*92.1596%,0)*184.7 + MAX(0*27.16% + C24*40% - C38*7.6613%,0)*220.5,0))/MAX(0+C24-C38,0)))))+(INT(MAX(0+C24-C38,0)*9))+(INT(MAX(0+C24-C38,0)*5)))+ROUND((($C$170*3)+(ROUNDDOWN(MAX(0*44.03% + C24*30% - C38*0.1791%,0)*138.7 + MAX(0*28.8% + C24*30% - C38*92.1596%,0)*184.7 + MAX(0*27.16% + C24*40% - C38*7.6613%,0)*220.5,0)+INT(MAX(MAX(0+C24-C38,0)-1000,0)*(736.2-IF(MAX(0+C24-C38,0)=0,0,(ROUNDDOWN(MAX(0*44.03% + C24*30% - C38*0.1791%,0)*138.7 + MAX(0*28.8% + C24*30% - C38*92.1596%,0)*184.7 + MAX(0*27.16% + C24*40% - C38*7.6613%,0)*220.5,0))/MAX(0+C24-C38,0)))))+(INT(MAX(0+C24-C38,0)*9))+(INT(MAX(0+C24-C38,0)*5)))*0.1,0)+FLOOR((($C$170*3)+(ROUNDDOWN(MAX(0*44.03% + C24*30% - C38*0.1791%,0)*138.7 + MAX(0*28.8% + C24*30% - C38*92.1596%,0)*184.7 + MAX(0*27.16% + C24*40% - C38*7.6613%,0)*220.5,0)+INT(MAX(MAX(0+C24-C38,0)-1000,0)*(736.2-IF(MAX(0+C24-C38,0)=0,0,(ROUNDDOWN(MAX(0*44.03% + C24*30% - C38*0.1791%,0)*138.7 + MAX(0*28.8% + C24*30% - C38*92.1596%,0)*184.7 + MAX(0*27.16% + C24*40% - C38*7.6613%,0)*220.5,0))/MAX(0+C24-C38,0)))))+(INT(MAX(0+C24-C38,0)*9))+(INT(MAX(0+C24-C38,0)*5)))*0.027,10),10) -> 670760
B8: 400kWh초과 사용 | C8: 7300 | D8: 400kWh초과 | E8: 307.3 | G8: =(120*200)+(214.6*200) -> 66920 | I8: 3 | J8: =IF((Sheet2!E54+C25)<=200, 910, IF((Sheet2!E54+C25)<=400, 1600, 7300)) -> 7300 | K8: =INT(IF((Sheet2!E54+C25)<=200, (Sheet2!E54+C25)*120, IF((Sheet2!E54+C25)<=400, 24000+((Sheet2!E54+C25)-200)*214.6, 66920+((Sheet2!E54+C25)-400)*307.3))) -> 593764 | L8: =INT((Sheet2!E54+C25)*9) -> 19029 | M8: =INT((Sheet2!E54+C25)*5) -> 10572 | N8: =SUM(J8:M8) -> 630665 | O8: =ROUND(N8*0.1, 0) -> 63067 | P8: =FLOOR(N8*0.027, 10) -> 17020 | Q8: =FLOOR(N8+O8+P8, 10) -> 710750 | R8: =MAX(Q8-BB8,0) -> 290130 | AK8: 대전광역시 | AM8: 55.427814 | AN8: 81.30024 | AO8: 97.353981 | AP8: 110.71809 | AQ8: 99.012078 | AR8: 99.48582 | AS8: 106.35508 | AT8: 72.008784 | AU8: 62.35056 | AV8: 72.956268 | AW8: 70.60284 | AX8: 55.901556 | BA8: 3 | BB8: =FLOOR(((IF((0+C25)<=200, 910, IF((0+C25)<=400, 1600, 7300)))+(INT(IF((0+C25)<=200, (0+C25)*120, IF((0+C25)<=400, 24000+((0+C25)-200)*214.6, 66920+((0+C25)-400)*307.3))))+(INT((0+C25)*9))+(INT((0+C25)*5)))+ROUND(((IF((0+C25)<=200, 910, IF((0+C25)<=400, 1600, 7300)))+(INT(IF((0+C25)<=200, (0+C25)*120, IF((0+C25)<=400, 24000+((0+C25)-200)*214.6, 66920+((0+C25)-400)*307.3))))+(INT((0+C25)*9))+(INT((0+C25)*5)))*0.1,0)+FLOOR(((IF((0+C25)<=200, 910, IF((0+C25)<=400, 1600, 7300)))+(INT(IF((0+C25)<=200, (0+C25)*120, IF((0+C25)<=400, 24000+((0+C25)-200)*214.6, 66920+((0+C25)-400)*307.3))))+(INT((0+C25)*9))+(INT((0+C25)*5)))*0.027,10),10) -> 420620 | BC8: =FLOOR(((IF(MAX(0+C25-C39,0)<=200, 910, IF(MAX(0+C25-C39,0)<=400, 1600, 7300)))+(INT(IF(MAX(0+C25-C39,0)<=200, MAX(0+C25-C39,0)*120, IF(MAX(0+C25-C39,0)<=400, 24000+(MAX(0+C25-C39,0)-200)*214.6, 66920+(MAX(0+C25-C39,0)-400)*307.3))))+(INT(MAX(0+C25-C39,0)*9))+(INT(MAX(0+C25-C39,0)*5)))+ROUND(((IF(MAX(0+C25-C39,0)<=200, 910, IF(MAX(0+C25-C39,0)<=400, 1600, 7300)))+(INT(IF(MAX(0+C25-C39,0)<=200, MAX(0+C25-C39,0)*120, IF(MAX(0+C25-C39,0)<=400, 24000+(MAX(0+C25-C39,0)-200)*214.6, 66920+(MAX(0+C25-C39,0)-400)*307.3))))+(INT(MAX(0+C25-C39,0)*9))+(INT(MAX(0+C25-C39,0)*5)))*0.1,0)+FLOOR(((IF(MAX(0+C25-C39,0)<=200, 910, IF(MAX(0+C25-C39,0)<=400, 1600, 7300)))+(INT(IF(MAX(0+C25-C39,0)<=200, MAX(0+C25-C39,0)*120, IF(MAX(0+C25-C39,0)<=400, 24000+(MAX(0+C25-C39,0)-200)*214.6, 66920+(MAX(0+C25-C39,0)-400)*307.3))))+(INT(MAX(0+C25-C39,0)*9))+(INT(MAX(0+C25-C39,0)*5)))*0.027,10),10) -> 420620 | BD8: =FLOOR((($C$170*3)+(ROUNDDOWN(0*44.16%*125.8 + 0*28.26%*153.8 + 0*27.58%*172.4 + C25*30%*125.8 + C25*30%*153.8 + C25*40%*172.4, 0))+(INT((0+C25)*9))+(INT((0+C25)*5)))+ROUND((($C$170*3)+(ROUNDDOWN(0*44.16%*125.8 + 0*28.26%*153.8 + 0*27.58%*172.4 + C25*30%*125.8 + C25*30%*153.8 + C25*40%*172.4, 0))+(INT((0+C25)*9))+(INT((0+C25)*5)))*0.1,0)+FLOOR((($C$170*3)+(ROUNDDOWN(0*44.16%*125.8 + 0*28.26%*153.8 + 0*27.58%*172.4 + C25*30%*125.8 + C25*30%*153.8 + C25*40%*172.4, 0))+(INT((0+C25)*9))+(INT((0+C25)*5)))*0.027,10),10) -> 261480 | BE8: =FLOOR((($C$170*3)+(ROUNDDOWN(MAX(0*44.16% + C25*30% - C39*1.149%,0)*125.8 + MAX(0*28.26% + C25*30% - C39*89.637%,0)*153.8 + MAX(0*27.58% + C25*40% - C39*9.2139%,0)*172.4,0))+(INT(MAX(0+C25-C39,0)*9))+(INT(MAX(0+C25-C39,0)*5)))+ROUND((($C$170*3)+(ROUNDDOWN(MAX(0*44.16% + C25*30% - C39*1.149%,0)*125.8 + MAX(0*28.26% + C25*30% - C39*89.637%,0)*153.8 + MAX(0*27.58% + C25*40% - C39*9.2139%,0)*172.4,0))+(INT(MAX(0+C25-C39,0)*9))+(INT(MAX(0+C25-C39,0)*5)))*0.1,0)+FLOOR((($C$170*3)+(ROUNDDOWN(MAX(0*44.16% + C25*30% - C39*1.149%,0)*125.8 + MAX(0*28.26% + C25*30% - C39*89.637%,0)*153.8 + MAX(0*27.58% + C25*40% - C39*9.2139%,0)*172.4,0))+(INT(MAX(0+C25-C39,0)*9))+(INT(MAX(0+C25-C39,0)*5)))*0.027,10),10) -> 261480
I9: 4 | J9: =IF((Sheet2!F54+C26)<=200, 910, IF((Sheet2!F54+C26)<=400, 1600, 7300)) -> 7300 | K9: =INT(IF((Sheet2!F54+C26)<=200, (Sheet2!F54+C26)*120, IF((Sheet2!F54+C26)<=400, 24000+((Sheet2!F54+C26)-200)*214.6, 66920+((Sheet2!F54+C26)-400)*307.3))) -> 448773 | L9: =INT((Sheet2!F54+C26)*9) -> 14783 | M9: =INT((Sheet2!F54+C26)*5) -> 8213 | N9: =SUM(J9:M9) -> 479069 | O9: =ROUND(N9*0.1, 0) -> 47907 | P9: =FLOOR(N9*0.027, 10) -> 12930 | Q9: =FLOOR(N9+O9+P9, 10) -> 539900 | R9: =MAX(Q9-BB9,0) -> 117450 | AK9: 대구광역시 | AM9: 64.902654 | AN9: 88.146576 | AO9: 90.721593 | AP9: 111.86424 | AQ9: 102.80201 | AR9: 102.69504 | AS9: 110.61876 | AT9: 70.350687 | AU9: 51.57675 | AV9: 75.79872 | AW9: 73.3536 | AX9: 60.638976 | BA9: 4 | BB9: =FLOOR(((IF((0+C26)<=200, 910, IF((0+C26)<=400, 1600, 7300)))+(INT(IF((0+C26)<=200, (0+C26)*120, IF((0+C26)<=400, 24000+((0+C26)-200)*214.6, 66920+((0+C26)-400)*307.3))))+(INT((0+C26)*9))+(INT((0+C26)*5)))+ROUND(((IF((0+C26)<=200, 910, IF((0+C26)<=400, 1600, 7300)))+(INT(IF((0+C26)<=200, (0+C26)*120, IF((0+C26)<=400, 24000+((0+C26)-200)*214.6, 66920+((0+C26)-400)*307.3))))+(INT((0+C26)*9))+(INT((0+C26)*5)))*0.1,0)+FLOOR(((IF((0+C26)<=200, 910, IF((0+C26)<=400, 1600, 7300)))+(INT(IF((0+C26)<=200, (0+C26)*120, IF((0+C26)<=400, 24000+((0+C26)-200)*214.6, 66920+((0+C26)-400)*307.3))))+(INT((0+C26)*9))+(INT((0+C26)*5)))*0.027,10),10) -> 422450 | BC9: =FLOOR(((IF(MAX(0+C26-C40,0)<=200, 910, IF(MAX(0+C26-C40,0)<=400, 1600, 7300)))+(INT(IF(MAX(0+C26-C40,0)<=200, MAX(0+C26-C40,0)*120, IF(MAX(0+C26-C40,0)<=400, 24000+(MAX(0+C26-C40,0)-200)*214.6, 66920+(MAX(0+C26-C40,0)-400)*307.3))))+(INT(MAX(0+C26-C40,0)*9))+(INT(MAX(0+C26-C40,0)*5)))+ROUND(((IF(MAX(0+C26-C40,0)<=200, 910, IF(MAX(0+C26-C40,0)<=400, 1600, 7300)))+(INT(IF(MAX(0+C26-C40,0)<=200, MAX(0+C26-C40,0)*120, IF(MAX(0+C26-C40,0)<=400, 24000+(MAX(0+C26-C40,0)-200)*214.6, 66920+(MAX(0+C26-C40,0)-400)*307.3))))+(INT(MAX(0+C26-C40,0)*9))+(INT(MAX(0+C26-C40,0)*5)))*0.1,0)+FLOOR(((IF(MAX(0+C26-C40,0)<=200, 910, IF(MAX(0+C26-C40,0)<=400, 1600, 7300)))+(INT(IF(MAX(0+C26-C40,0)<=200, MAX(0+C26-C40,0)*120, IF(MAX(0+C26-C40,0)<=400, 24000+(MAX(0+C26-C40,0)-200)*214.6, 66920+(MAX(0+C26-C40,0)-400)*307.3))))+(INT(MAX(0+C26-C40,0)*9))+(INT(MAX(0+C26-C40,0)*5)))*0.027,10),10) -> 422450 | BD9: =FLOOR((($C$170*3)+(ROUNDDOWN(0*42.51%*125.8 + 0*27.79%*153.8 + 0*29.7%*172.4 + C26*30%*125.8 + C26*30%*153.8 + C26*40%*172.4, 0))+(INT((0+C26)*9))+(INT((0+C26)*5)))+ROUND((($C$170*3)+(ROUNDDOWN(0*42.51%*125.8 + 0*27.79%*153.8 + 0*29.7%*172.4 + C26*30%*125.8 + C26*30%*153.8 + C26*40%*172.4, 0))+(INT((0+C26)*9))+(INT((0+C26)*5)))*0.1,0)+FLOOR((($C$170*3)+(ROUNDDOWN(0*42.51%*125.8 + 0*27.79%*153.8 + 0*29.7%*172.4 + C26*30%*125.8 + C26*30%*153.8 + C26*40%*172.4, 0))+(INT((0+C26)*9))+(INT((0+C26)*5)))*0.027,10),10) -> 262420 | BE9: =FLOOR((($C$170*3)+(ROUNDDOWN(MAX(0*42.51% + C26*30% - C40*2.6448%,0)*125.8 + MAX(0*27.79% + C26*30% - C40*86.8176%,0)*153.8 + MAX(0*29.7% + C26*40% - C40*10.5375%,0)*172.4,0))+(INT(MAX(0+C26-C40,0)*9))+(INT(MAX(0+C26-C40,0)*5)))+ROUND((($C$170*3)+(ROUNDDOWN(MAX(0*42.51% + C26*30% - C40*2.6448%,0)*125.8 + MAX(0*27.79% + C26*30% - C40*86.8176%,0)*153.8 + MAX(0*29.7% + C26*40% - C40*10.5375%,0)*172.4,0))+(INT(MAX(0+C26-C40,0)*9))+(INT(MAX(0+C26-C40,0)*5)))*0.1,0)+FLOOR((($C$170*3)+(ROUNDDOWN(MAX(0*42.51% + C26*30% - C40*2.6448%,0)*125.8 + MAX(0*27.79% + C26*30% - C40*86.8176%,0)*153.8 + MAX(0*29.7% + C26*40% - C40*10.5375%,0)*172.4,0))+(INT(MAX(0+C26-C40,0)*9))+(INT(MAX(0+C26-C40,0)*5)))*0.027,10),10) -> 262420
B10: 1. 기타계절 : 1월 1일~6월 30일, 9월 1일~12월 31일 | I10: 5 | J10: =IF((Sheet2!G54+C27)<=200, 910, IF((Sheet2!G54+C27)<=400, 1600, 7300)) -> 7300 | K10: =INT(IF((Sheet2!G54+C27)<=200, (Sheet2!G54+C27)*120, IF((Sheet2!G54+C27)<=400, 24000+((Sheet2!G54+C27)-200)*214.6, 66920+((Sheet2!G54+C27)-400)*307.3))) -> 381632 | L10: =INT((Sheet2!G54+C27)*9) -> 12817 | M10: =INT((Sheet2!G54+C27)*5) -> 7120 | N10: =SUM(J10:M10) -> 408869 | O10: =ROUND(N10*0.1, 0) -> 40887 | P10: =FLOOR(N10*0.027, 10) -> 11030 | Q10: =FLOOR(N10+O10+P10, 10) -> 460780 | R10: =MAX(Q10-BB10,0) -> 67640 | AK10: 부산광역시 | AM10: 68.455719 | AN10: 84.081564 | AO10: 90.484722 | AP10: 105.21657 | AQ10: 96.643368 | AR10: 97.65198 | AS10: 107.30256 | AT10: 70.113816 | AU10: 59.14134 | AV10: 74.140623 | AW10: 71.74899 | AX10: 61.112718 | BA10: 5 | BB10: =FLOOR(((IF((0+C27)<=200, 910, IF((0+C27)<=400, 1600, 7300)))+(INT(IF((0+C27)<=200, (0+C27)*120, IF((0+C27)<=400, 24000+((0+C27)-200)*214.6, 66920+((0+C27)-400)*307.3))))+(INT((0+C27)*9))+(INT((0+C27)*5)))+ROUND(((IF((0+C27)<=200, 910, IF((0+C27)<=400, 1600, 7300)))+(INT(IF((0+C27)<=200, (0+C27)*120, IF((0+C27)<=400, 24000+((0+C27)-200)*214.6, 66920+((0+C27)-400)*307.3))))+(INT((0+C27)*9))+(INT((0+C27)*5)))*0.1,0)+FLOOR(((IF((0+C27)<=200, 910, IF((0+C27)<=400, 1600, 7300)))+(INT(IF((0+C27)<=200, (0+C27)*120, IF((0+C27)<=400, 24000+((0+C27)-200)*214.6, 66920+((0+C27)-400)*307.3))))+(INT((0+C27)*9))+(INT((0+C27)*5)))*0.027,10),10) -> 393140 | BC10: =FLOOR(((IF(MAX(0+C27-C41,0)<=200, 910, IF(MAX(0+C27-C41,0)<=400, 1600, 7300)))+(INT(IF(MAX(0+C27-C41,0)<=200, MAX(0+C27-C41,0)*120, IF(MAX(0+C27-C41,0)<=400, 24000+(MAX(0+C27-C41,0)-200)*214.6, 66920+(MAX(0+C27-C41,0)-400)*307.3))))+(INT(MAX(0+C27-C41,0)*9))+(INT(MAX(0+C27-C41,0)*5)))+ROUND(((IF(MAX(0+C27-C41,0)<=200, 910, IF(MAX(0+C27-C41,0)<=400, 1600, 7300)))+(INT(IF(MAX(0+C27-C41,0)<=200, MAX(0+C27-C41,0)*120, IF(MAX(0+C27-C41,0)<=400, 24000+(MAX(0+C27-C41,0)-200)*214.6, 66920+(MAX(0+C27-C41,0)-400)*307.3))))+(INT(MAX(0+C27-C41,0)*9))+(INT(MAX(0+C27-C41,0)*5)))*0.1,0)+FLOOR(((IF(MAX(0+C27-C41,0)<=200, 910, IF(MAX(0+C27-C41,0)<=400, 1600, 7300)))+(INT(IF(MAX(0+C27-C41,0)<=200, MAX(0+C27-C41,0)*120, IF(MAX(0+C27-C41,0)<=400, 24000+(MAX(0+C27-C41,0)-200)*214.6, 66920+(MAX(0+C27-C41,0)-400)*307.3))))+(INT(MAX(0+C27-C41,0)*9))+(INT(MAX(0+C27-C41,0)*5)))*0.027,10),10) -> 393140 | BD10: =FLOOR((($C$170*3)+(ROUNDDOWN(0*38.44%*125.8 + 0*30.44%*153.8 + 0*31.12%*172.4 + C27*30%*125.8 + C27*30%*153.8 + C27*40%*172.4, 0))+(INT((0+C27)*9))+(INT((0+C27)*5)))+ROUND((($C$170*3)+(ROUNDDOWN(0*38.44%*125.8 + 0*30.44%*153.8 + 0*31.12%*172.4 + C27*30%*125.8 + C27*30%*153.8 + C27*40%*172.4, 0))+(INT((0+C27)*9))+(INT((0+C27)*5)))*0.1,0)+FLOOR((($C$170*3)+(ROUNDDOWN(0*38.44%*125.8 + 0*30.44%*153.8 + 0*31.12%*172.4 + C27*30%*125.8 + C27*30%*153.8 + C27*40%*172.4, 0))+(INT((0+C27)*9))+(INT((0+C27)*5)))*0.027,10),10) -> 247210 | BE10: =FLOOR((($C$170*3)+(ROUNDDOWN(MAX(0*38.44% + C27*30% - C41*4.1831%,0)*125.8 + MAX(0*30.44% + C27*30% - C41*84.4735%,0)*153.8 + MAX(0*31.12% + C27*40% - C41*11.3434%,0)*172.4,0))+(INT(MAX(0+C27-C41,0)*9))+(INT(MAX(0+C27-C41,0)*5)))+ROUND((($C$170*3)+(ROUNDDOWN(MAX(0*38.44% + C27*30% - C41*4.1831%,0)*125.8 + MAX(0*30.44% + C27*30% - C41*84.4735%,0)*153.8 + MAX(0*31.12% + C27*40% - C41*11.3434%,0)*172.4,0))+(INT(MAX(0+C27-C41,0)*9))+(INT(MAX(0+C27-C41,0)*5)))*0.1,0)+FLOOR((($C$170*3)+(ROUNDDOWN(MAX(0*38.44% + C27*30% - C41*4.1831%,0)*125.8 + MAX(0*30.44% + C27*30% - C41*84.4735%,0)*153.8 + MAX(0*31.12% + C27*40% - C41*11.3434%,0)*172.4,0))+(INT(MAX(0+C27-C41,0)*9))+(INT(MAX(0+C27-C41,0)*5)))*0.027,10),10) -> 247210
B11: 2. 슈퍼유저요금 : 동계(12월 1일~2월 말일) 1,000kWh초과 전력량요금은 736.2원/kWh 적용 | I11: 6 | J11: =IF((Sheet2!H54+C28)<=200, 910, IF((Sheet2!H54+C28)<=400, 1600, 7300)) -> 7300 | K11: =INT(IF((Sheet2!H54+C28)<=200, (Sheet2!H54+C28)*120, IF((Sheet2!H54+C28)<=400, 24000+((Sheet2!H54+C28)-200)*214.6, 66920+((Sheet2!H54+C28)-400)*307.3))) -> 388753 | L11: =INT((Sheet2!H54+C28)*9) -> 13025 | M11: =INT((Sheet2!H54+C28)*5) -> 7236 | N11: =SUM(J11:M11) -> 416314 | O11: =ROUND(N11*0.1, 0) -> 41631 | P11: =FLOOR(N11*0.027, 10) -> 11240 | Q11: =FLOOR(N11+O11+P11, 10) -> 469180 | R11: =MAX(Q11-BB11,0) -> 46250 | AK11: 울산광역시 | AM11: 68.455719 | AN11: 84.081564 | AO11: 90.484722 | AP11: 105.21657 | AQ11: 96.643368 | AR11: 97.65198 | AS11: 107.30256 | AT11: 70.113816 | AU11: 59.14134 | AV11: 74.140623 | AW11: 71.74899 | AX11: 61.112718 | BA11: 6 | BB11: =FLOOR(((IF((0+C28)<=200, 910, IF((0+C28)<=400, 1600, 7300)))+(INT(IF((0+C28)<=200, (0+C28)*120, IF((0+C28)<=400, 24000+((0+C28)-200)*214.6, 66920+((0+C28)-400)*307.3))))+(INT((0+C28)*9))+(INT((0+C28)*5)))+ROUND(((IF((0+C28)<=200, 910, IF((0+C28)<=400, 1600, 7300)))+(INT(IF((0+C28)<=200, (0+C28)*120, IF((0+C28)<=400, 24000+((0+C28)-200)*214.6, 66920+((0+C28)-400)*307.3))))+(INT((0+C28)*9))+(INT((0+C28)*5)))*0.1,0)+FLOOR(((IF((0+C28)<=200, 910, IF((0+C28)<=400, 1600, 7300)))+(INT(IF((0+C28)<=200, (0+C28)*120, IF((0+C28)<=400, 24000+((0+C28)-200)*214.6, 66920+((0+C28)-400)*307.3))))+(INT((0+C28)*9))+(INT((0+C28)*5)))*0.027,10),10) -> 422930 | BC11: =FLOOR(((IF(MAX(0+C28-C42,0)<=200, 910, IF(MAX(0+C28-C42,0)<=400, 1600, 7300)))+(INT(IF(MAX(0+C28-C42,0)<=200, MAX(0+C28-C42,0)*120, IF(MAX(0+C28-C42,0)<=400, 24000+(MAX(0+C28-C42,0)-200)*214.6, 66920+(MAX(0+C28-C42,0)-400)*307.3))))+(INT(MAX(0+C28-C42,0)*9))+(INT(MAX(0+C28-C42,0)*5)))+ROUND(((IF(MAX(0+C28-C42,0)<=200, 910, IF(MAX(0+C28-C42,0)<=400, 1600, 7300)))+(INT(IF(MAX(0+C28-C42,0)<=200, MAX(0+C28-C42,0)*120, IF(MAX(0+C28-C42,0)<=400, 24000+(MAX(0+C28-C42,0)-200)*214.6, 66920+(MAX(0+C28-C42,0)-400)*307.3))))+(INT(MAX(0+C28-C42,0)*9))+(INT(MAX(0+C28-C42,0)*5)))*0.1,0)+FLOOR(((IF(MAX(0+C28-C42,0)<=200, 910, IF(MAX(0+C28-C42,0)<=400, 1600, 7300)))+(INT(IF(MAX(0+C28-C42,0)<=200, MAX(0+C28-C42,0)*120, IF(MAX(0+C28-C42,0)<=400, 24000+(MAX(0+C28-C42,0)-200)*214.6, 66920+(MAX(0+C28-C42,0)-400)*307.3))))+(INT(MAX(0+C28-C42,0)*9))+(INT(MAX(0+C28-C42,0)*5)))*0.027,10),10) -> 422930 | BD11: =FLOOR((($C$170*3)+(ROUNDDOWN(0*31.92%*138.7 + 0*38.86%*184.7 + 0*29.22%*220.5 + C28*30%*138.7 + C28*30%*184.7 + C28*40%*220.5, 0)+INT(MAX((0+C28)-1000,0)*(736.2-IF((0+C28)=0,0,(ROUNDDOWN(0*31.92%*138.7 + 0*38.86%*184.7 + 0*29.22%*220.5 + C28*30%*138.7 + C28*30%*184.7 + C28*40%*220.5, 0))/(0+C28)))))+(INT((0+C28)*9))+(INT((0+C28)*5)))+ROUND((($C$170*3)+(ROUNDDOWN(0*31.92%*138.7 + 0*38.86%*184.7 + 0*29.22%*220.5 + C28*30%*138.7 + C28*30%*184.7 + C28*40%*220.5, 0)+INT(MAX((0+C28)-1000,0)*(736.2-IF((0+C28)=0,0,(ROUNDDOWN(0*31.92%*138.7 + 0*38.86%*184.7 + 0*29.22%*220.5 + C28*30%*138.7 + C28*30%*184.7 + C28*40%*220.5, 0))/(0+C28)))))+(INT((0+C28)*9))+(INT((0+C28)*5)))*0.1,0)+FLOOR((($C$170*3)+(ROUNDDOWN(0*31.92%*138.7 + 0*38.86%*184.7 + 0*29.22%*220.5 + C28*30%*138.7 + C28*30%*184.7 + C28*40%*220.5, 0)+INT(MAX((0+C28)-1000,0)*(736.2-IF((0+C28)=0,0,(ROUNDDOWN(0*31.92%*138.7 + 0*38.86%*184.7 + 0*29.22%*220.5 + C28*30%*138.7 + C28*30%*184.7 + C28*40%*220.5, 0))/(0+C28)))))+(INT((0+C28)*9))+(INT((0+C28)*5)))*0.027,10),10) -> 509280 | BE11: =FLOOR((($C$170*3)+(ROUNDDOWN(MAX(0*31.92% + C28*30% - C42*4.7395%,0)*138.7 + MAX(0*38.86% + C28*30% - C42*81.6742%,0)*184.7 + MAX(0*29.22% + C28*40% - C42*13.5862%,0)*220.5,0)+INT(MAX(MAX(0+C28-C42,0)-1000,0)*(736.2-IF(MAX(0+C28-C42,0)=0,0,(ROUNDDOWN(MAX(0*31.92% + C28*30% - C42*4.7395%,0)*138.7 + MAX(0*38.86% + C28*30% - C42*81.6742%,0)*184.7 + MAX(0*29.22% + C28*40% - C42*13.5862%,0)*220.5,0))/MAX(0+C28-C42,0)))))+(INT(MAX(0+C28-C42,0)*9))+(INT(MAX(0+C28-C42,0)*5)))+ROUND((($C$170*3)+(ROUNDDOWN(MAX(0*31.92% + C28*30% - C42*4.7395%,0)*138.7 + MAX(0*38.86% + C28*30% - C42*81.6742%,0)*184.7 + MAX(0*29.22% + C28*40% - C42*13.5862%,0)*220.5,0)+INT(MAX(MAX(0+C28-C42,0)-1000,0)*(736.2-IF(MAX(0+C28-C42,0)=0,0,(ROUNDDOWN(MAX(0*31.92% + C28*30% - C42*4.7395%,0)*138.7 + MAX(0*38.86% + C28*30% - C42*81.6742%,0)*184.7 + MAX(0*29.22% + C28*40% - C42*13.5862%,0)*220.5,0))/MAX(0+C28-C42,0)))))+(INT(MAX(0+C28-C42,0)*9))+(INT(MAX(0+C28-C42,0)*5)))*0.1,0)+FLOOR((($C$170*3)+(ROUNDDOWN(MAX(0*31.92% + C28*30% - C42*4.7395%,0)*138.7 + MAX(0*38.86% + C28*30% - C42*81.6742%,0)*184.7 + MAX(0*29.22% + C28*40% - C42*13.5862%,0)*220.5,0)+INT(MAX(MAX(0+C28-C42,0)-1000,0)*(736.2-IF(MAX(0+C28-C42,0)=0,0,(ROUNDDOWN(MAX(0*31.92% + C28*30% - C42*4.7395%,0)*138.7 + MAX(0*38.86% + C28*30% - C42*81.6742%,0)*184.7 + MAX(0*29.22% + C28*40% - C42*13.5862%,0)*220.5,0))/MAX(0+C28-C42,0)))))+(INT(MAX(0+C28-C42,0)*9))+(INT(MAX(0+C28-C42,0)*5)))*0.027,10),10) -> 509280
I12: 7 | J12: =IF((Sheet2!I54+C29)<=300, 910, IF((Sheet2!I54+C29)<=450, 1600, 7300)) -> 7300 | K12: =INT(IF((Sheet2!I54+C29)<=300, (Sheet2!I54+C29)*120, IF((Sheet2!I54+C29)<=450, 36000+((Sheet2!I54+C29)-300)*214.6, 68190+((Sheet2!I54+C29)-450)*307.3)))+INT(MAX((Sheet2!I54+C29)-1000,0)*(736.2-307.3)) -> 811795 | L12: =INT((Sheet2!I54+C29)*9) -> 16024 | M12: =INT((Sheet2!I54+C29)*5) -> 8902 | N12: =SUM(J12:M12) -> 844021 | O12: =ROUND(N12*0.1, 0) -> 84402 | P12: =FLOOR(N12*0.027, 10) -> 22780 | Q12: =FLOOR(N12+O12+P12, 10) -> 951200 | R12: =MAX(Q12-BB12,0) -> 69750 | AK12: 광주광역시 | AM12: 66.32388 | AN12: 73.598112 | AO12: 90.958464 | AP12: 107.96733 | AQ12: 94.7484 | AR12: 97.65198 | AS12: 109.4344 | AT12: 73.666881 | AU12: 68.769 | AV12: 75.088107 | AW12: 72.66591 | AX12: 62.770815 | BA12: 7 | BB12: =FLOOR(((IF((0+C29)<=300, 910, IF((0+C29)<=450, 1600, 7300)))+(INT(IF((0+C29)<=300, (0+C29)*120, IF((0+C29)<=450, 36000+((0+C29)-300)*214.6, 68190+((0+C29)-450)*307.3)))+INT(MAX((0+C29)-1000,0)*(736.2-307.3)))+(INT((0+C29)*9))+(INT((0+C29)*5)))+ROUND(((IF((0+C29)<=300, 910, IF((0+C29)<=450, 1600, 7300)))+(INT(IF((0+C29)<=300, (0+C29)*120, IF((0+C29)<=450, 36000+((0+C29)-300)*214.6, 68190+((0+C29)-450)*307.3)))+INT(MAX((0+C29)-1000,0)*(736.2-307.3)))+(INT((0+C29)*9))+(INT((0+C29)*5)))*0.1,0)+FLOOR(((IF((0+C29)<=300, 910, IF((0+C29)<=450, 1600, 7300)))+(INT(IF((0+C29)<=300, (0+C29)*120, IF((0+C29)<=450, 36000+((0+C29)-300)*214.6, 68190+((0+C29)-450)*307.3)))+INT(MAX((0+C29)-1000,0)*(736.2-307.3)))+(INT((0+C29)*9))+(INT((0+C29)*5)))*0.027,10),10) -> 881450 | BC12: =FLOOR(((IF(MAX(0+C29-C43,0)<=300, 910, IF(MAX(0+C29-C43,0)<=450, 1600, 7300)))+(INT(IF(MAX(0+C29-C43,0)<=300, MAX(0+C29-C43,0)*120, IF(MAX(0+C29-C43,0)<=450, 36000+(MAX(0+C29-C43,0)-300)*214.6, 68190+(MAX(0+C29-C43,0)-450)*307.3)))+INT(MAX(MAX(0+C29-C43,0)-1000,0)*(736.2-307.3)))+(INT(MAX(0+C29-C43,0)*9))+(INT(MAX(0+C29-C43,0)*5)))+ROUND(((IF(MAX(0+C29-C43,0)<=300, 910, IF(MAX(0+C29-C43,0)<=450, 1600, 7300)))+(INT(IF(MAX(0+C29-C43,0)<=300, MAX(0+C29-C43,0)*120, IF(MAX(0+C29-C43,0)<=450, 36000+(MAX(0+C29-C43,0)-300)*214.6, 68190+(MAX(0+C29-C43,0)-450)*307.3)))+INT(MAX(MAX(0+C29-C43,0)-1000,0)*(736.2-307.3)))+(INT(MAX(0+C29-C43,0)*9))+(INT(MAX(0+C29-C43,0)*5)))*0.1,0)+FLOOR(((IF(MAX(0+C29-C43,0)<=300, 910, IF(MAX(0+C29-C43,0)<=450, 1600, 7300)))+(INT(IF(MAX(0+C29-C43,0)<=300, MAX(0+C29-C43,0)*120, IF(MAX(0+C29-C43,0)<=450, 36000+(MAX(0+C29-C43,0)-300)*214.6, 68190+(MAX(0+C29-C43,0)-450)*307.3)))+INT(MAX(MAX(0+C29-C43,0)-1000,0)*(736.2-307.3)))+(INT(MAX(0+C29-C43,0)*9))+(INT(MAX(0+C29-C43,0)*5)))*0.027,10),10) -> 881450 | BD12: =FLOOR((($C$170*3)+(ROUNDDOWN(0*26.8%*138.7 + 0*43.76%*184.7 + 0*29.44%*220.5 + C29*30%*138.7 + C29*30%*184.7 + C29*40%*220.5, 0)+INT(MAX((0+C29)-1000,0)*(736.2-IF((0+C29)=0,0,(ROUNDDOWN(0*26.8%*138.7 + 0*43.76%*184.7 + 0*29.44%*220.5 + C29*30%*138.7 + C29*30%*184.7 + C29*40%*220.5, 0))/(0+C29)))))+(INT((0+C29)*9))+(INT((0+C29)*5)))+ROUND((($C$170*3)+(ROUNDDOWN(0*26.8%*138.7 + 0*43.76%*184.7 + 0*29.44%*220.5 + C29*30%*138.7 + C29*30%*184.7 + C29*40%*220.5, 0)+INT(MAX((0+C29)-1000,0)*(736.2-IF((0+C29)=0,0,(ROUNDDOWN(0*26.8%*138.7 + 0*43.76%*184.7 + 0*29.44%*220.5 + C29*30%*138.7 + C29*30%*184.7 + C29*40%*220.5, 0))/(0+C29)))))+(INT((0+C29)*9))+(INT((0+C29)*5)))*0.1,0)+FLOOR((($C$170*3)+(ROUNDDOWN(0*26.8%*138.7 + 0*43.76%*184.7 + 0*29.44%*220.5 + C29*30%*138.7 + C29*30%*184.7 + C29*40%*220.5, 0)+INT(MAX((0+C29)-1000,0)*(736.2-IF((0+C29)=0,0,(ROUNDDOWN(0*26.8%*138.7 + 0*43.76%*184.7 + 0*29.44%*220.5 + C29*30%*138.7 + C29*30%*184.7 + C29*40%*220.5, 0))/(0+C29)))))+(INT((0+C29)*9))+(INT((0+C29)*5)))*0.027,10),10) -> 829210 | BE12: =FLOOR((($C$170*3)+(ROUNDDOWN(MAX(0*26.8% + C29*30% - C43*3.6986%,0)*138.7 + MAX(0*43.76% + C29*30% - C43*81.8888%,0)*184.7 + MAX(0*29.44% + C29*40% - C43*14.4126%,0)*220.5,0)+INT(MAX(MAX(0+C29-C43,0)-1000,0)*(736.2-IF(MAX(0+C29-C43,0)=0,0,(ROUNDDOWN(MAX(0*26.8% + C29*30% - C43*3.6986%,0)*138.7 + MAX(0*43.76% + C29*30% - C43*81.8888%,0)*184.7 + MAX(0*29.44% + C29*40% - C43*14.4126%,0)*220.5,0))/MAX(0+C29-C43,0)))))+(INT(MAX(0+C29-C43,0)*9))+(INT(MAX(0+C29-C43,0)*5)))+ROUND((($C$170*3)+(ROUNDDOWN(MAX(0*26.8% + C29*30% - C43*3.6986%,0)*138.7 + MAX(0*43.76% + C29*30% - C43*81.8888%,0)*184.7 + MAX(0*29.44% + C29*40% - C43*14.4126%,0)*220.5,0)+INT(MAX(MAX(0+C29-C43,0)-1000,0)*(736.2-IF(MAX(0+C29-C43,0)=0,0,(ROUNDDOWN(MAX(0*26.8% + C29*30% - C43*3.6986%,0)*138.7 + MAX(0*43.76% + C29*30% - C43*81.8888%,0)*184.7 + MAX(0*29.44% + C29*40% - C43*14.4126%,0)*220.5,0))/MAX(0+C29-C43,0)))))+(INT(MAX(0+C29-C43,0)*9))+(INT(MAX(0+C29-C43,0)*5)))*0.1,0)+FLOOR((($C$170*3)+(ROUNDDOWN(MAX(0*26.8% + C29*30% - C43*3.6986%,0)*138.7 + MAX(0*43.76% + C29*30% - C43*81.8888%,0)*184.7 + MAX(0*29.44% + C29*40% - C43*14.4126%,0)*220.5,0)+INT(MAX(MAX(0+C29-C43,0)-1000,0)*(736.2-IF(MAX(0+C29-C43,0)=0,0,(ROUNDDOWN(MAX(0*26.8% + C29*30% - C43*3.6986%,0)*138.7 + MAX(0*43.76% + C29*30% - C43*81.8888%,0)*184.7 + MAX(0*29.44% + C29*40% - C43*14.4126%,0)*220.5,0))/MAX(0+C29-C43,0)))))+(INT(MAX(0+C29-C43,0)*9))+(INT(MAX(0+C29-C43,0)*5)))*0.027,10),10) -> 829210
C13: 주택용 저압 하계 | I13: 8 | J13: =IF((Sheet2!J54+C30)<=300, 910, IF((Sheet2!J54+C30)<=450, 1600, 7300)) -> 7300 | K13: =INT(IF((Sheet2!J54+C30)<=300, (Sheet2!J54+C30)*120, IF((Sheet2!J54+C30)<=450, 36000+((Sheet2!J54+C30)-300)*214.6, 68190+((Sheet2!J54+C30)-450)*307.3)))+INT(MAX((Sheet2!J54+C30)-1000,0)*(736.2-307.3)) -> 1131996 | L13: =INT((Sheet2!J54+C30)*9) -> 19938 | M13: =INT((Sheet2!J54+C30)*5) -> 11077 | N13: =SUM(J13:M13) -> 1170311 | O13: =ROUND(N13*0.1, 0) -> 117031 | P13: =FLOOR(N13*0.027, 10) -> 31590 | Q13: =FLOOR(N13+O13+P13, 10) -> 1318930 | R13: =MAX(Q13-BB13,0) -> 69320 | AK13: 경기도 | AM13: 58.95456 | AN13: 88.66956 | AO13: 102.90729 | AP13: 116.6526 | AQ13: 108.96066 | AR13: 107.7381 | AS13: 105.80238 | AT13: 80.79933 | AU13: 62.9109 | AV13: 75.27234 | AW13: 72.8442 | AX13: 55.53309 | BA13: 8 | BB13: =FLOOR(((IF((0+C30)<=300, 910, IF((0+C30)<=450, 1600, 7300)))+(INT(IF((0+C30)<=300, (0+C30)*120, IF((0+C30)<=450, 36000+((0+C30)-300)*214.6, 68190+((0+C30)-450)*307.3)))+INT(MAX((0+C30)-1000,0)*(736.2-307.3)))+(INT((0+C30)*9))+(INT((0+C30)*5)))+ROUND(((IF((0+C30)<=300, 910, IF((0+C30)<=450, 1600, 7300)))+(INT(IF((0+C30)<=300, (0+C30)*120, IF((0+C30)<=450, 36000+((0+C30)-300)*214.6, 68190+((0+C30)-450)*307.3)))+INT(MAX((0+C30)-1000,0)*(736.2-307.3)))+(INT((0+C30)*9))+(INT((0+C30)*5)))*0.1,0)+FLOOR(((IF((0+C30)<=300, 910, IF((0+C30)<=450, 1600, 7300)))+(INT(IF((0+C30)<=300, (0+C30)*120, IF((0+C30)<=450, 36000+((0+C30)-300)*214.6, 68190+((0+C30)-450)*307.3)))+INT(MAX((0+C30)-1000,0)*(736.2-307.3)))+(INT((0+C30)*9))+(INT((0+C30)*5)))*0.027,10),10) -> 1249610 | BC13: =FLOOR(((IF(MAX(0+C30-C44,0)<=300, 910, IF(MAX(0+C30-C44,0)<=450, 1600, 7300)))+(INT(IF(MAX(0+C30-C44,0)<=300, MAX(0+C30-C44,0)*120, IF(MAX(0+C30-C44,0)<=450, 36000+(MAX(0+C30-C44,0)-300)*214.6, 68190+(MAX(0+C30-C44,0)-450)*307.3)))+INT(MAX(MAX(0+C30-C44,0)-1000,0)*(736.2-307.3)))+(INT(MAX(0+C30-C44,0)*9))+(INT(MAX(0+C30-C44,0)*5)))+ROUND(((IF(MAX(0+C30-C44,0)<=300, 910, IF(MAX(0+C30-C44,0)<=450, 1600, 7300)))+(INT(IF(MAX(0+C30-C44,0)<=300, MAX(0+C30-C44,0)*120, IF(MAX(0+C30-C44,0)<=450, 36000+(MAX(0+C30-C44,0)-300)*214.6, 68190+(MAX(0+C30-C44,0)-450)*307.3)))+INT(MAX(MAX(0+C30-C44,0)-1000,0)*(736.2-307.3)))+(INT(MAX(0+C30-C44,0)*9))+(INT(MAX(0+C30-C44,0)*5)))*0.1,0)+FLOOR(((IF(MAX(0+C30-C44,0)<=300, 910, IF(MAX(0+C30-C44,0)<=450, 1600, 7300)))+(INT(IF(MAX(0+C30-C44,0)<=300, MAX(0+C30-C44,0)*120, IF(MAX(0+C30-C44,0)<=450, 36000+(MAX(0+C30-C44,0)-300)*214.6, 68190+(MAX(0+C30-C44,0)-450)*307.3)))+INT(MAX(MAX(0+C30-C44,0)-1000,0)*(736.2-307.3)))+(INT(MAX(0+C30-C44,0)*9))+(INT(MAX(0+C30-C44,0)*5)))*0.027,10),10) -> 1249610 | BD13: =FLOOR((($C$170*3)+(ROUNDDOWN(0*26.88%*138.7 + 0*45.15%*184.7 + 0*27.97%*220.5 + C30*30%*138.7 + C30*30%*184.7 + C30*40%*220.5, 0)+INT(MAX((0+C30)-1000,0)*(736.2-IF((0+C30)=0,0,(ROUNDDOWN(0*26.88%*138.7 + 0*45.15%*184.7 + 0*27.97%*220.5 + C30*30%*138.7 + C30*30%*184.7 + C30*40%*220.5, 0))/(0+C30)))))+(INT((0+C30)*9))+(INT((0+C30)*5)))+ROUND((($C$170*3)+(ROUNDDOWN(0*26.88%*138.7 + 0*45.15%*184.7 + 0*27.97%*220.5 + C30*30%*138.7 + C30*30%*184.7 + C30*40%*220.5, 0)+INT(MAX((0+C30)-1000,0)*(736.2-IF((0+C30)=0,0,(ROUNDDOWN(0*26.88%*138.7 + 0*45.15%*184.7 + 0*27.97%*220.5 + C30*30%*138.7 + C30*30%*184.7 + C30*40%*220.5, 0))/(0+C30)))))+(INT((0+C30)*9))+(INT((0+C30)*5)))*0.1,0)+FLOOR((($C$170*3)+(ROUNDDOWN(0*26.88%*138.7 + 0*45.15%*184.7 + 0*27.97%*220.5 + C30*30%*138.7 + C30*30%*184.7 + C30*40%*220.5, 0)+INT(MAX((0+C30)-1000,0)*(736.2-IF((0+C30)=0,0,(ROUNDDOWN(0*26.88%*138.7 + 0*45.15%*184.7 + 0*27.97%*220.5 + C30*30%*138.7 + C30*30%*184.7 + C30*40%*220.5, 0))/(0+C30)))))+(INT((0+C30)*9))+(INT((0+C30)*5)))*0.027,10),10) -> 1197370 | BE13: =FLOOR((($C$170*3)+(ROUNDDOWN(MAX(0*26.88% + C30*30% - C44*3.2913%,0)*138.7 + MAX(0*45.15% + C30*30% - C44*85.89%,0)*184.7 + MAX(0*27.97% + C30*40% - C44*10.8187%,0)*220.5,0)+INT(MAX(MAX(0+C30-C44,0)-1000,0)*(736.2-IF(MAX(0+C30-C44,0)=0,0,(ROUNDDOWN(MAX(0*26.88% + C30*30% - C44*3.2913%,0)*138.7 + MAX(0*45.15% + C30*30% - C44*85.89%,0)*184.7 + MAX(0*27.97% + C30*40% - C44*10.8187%,0)*220.5,0))/MAX(0+C30-C44,0)))))+(INT(MAX(0+C30-C44,0)*9))+(INT(MAX(0+C30-C44,0)*5)))+ROUND((($C$170*3)+(ROUNDDOWN(MAX(0*26.88% + C30*30% - C44*3.2913%,0)*138.7 + MAX(0*45.15% + C30*30% - C44*85.89%,0)*184.7 + MAX(0*27.97% + C30*40% - C44*10.8187%,0)*220.5,0)+INT(MAX(MAX(0+C30-C44,0)-1000,0)*(736.2-IF(MAX(0+C30-C44,0)=0,0,(ROUNDDOWN(MAX(0*26.88% + C30*30% - C44*3.2913%,0)*138.7 + MAX(0*45.15% + C30*30% - C44*85.89%,0)*184.7 + MAX(0*27.97% + C30*40% - C44*10.8187%,0)*220.5,0))/MAX(0+C30-C44,0)))))+(INT(MAX(0+C30-C44,0)*9))+(INT(MAX(0+C30-C44,0)*5)))*0.1,0)+FLOOR((($C$170*3)+(ROUNDDOWN(MAX(0*26.88% + C30*30% - C44*3.2913%,0)*138.7 + MAX(0*45.15% + C30*30% - C44*85.89%,0)*184.7 + MAX(0*27.97% + C30*40% - C44*10.8187%,0)*220.5,0)+INT(MAX(MAX(0+C30-C44,0)-1000,0)*(736.2-IF(MAX(0+C30-C44,0)=0,0,(ROUNDDOWN(MAX(0*26.88% + C30*30% - C44*3.2913%,0)*138.7 + MAX(0*45.15% + C30*30% - C44*85.89%,0)*184.7 + MAX(0*27.97% + C30*40% - C44*10.8187%,0)*220.5,0))/MAX(0+C30-C44,0)))))+(INT(MAX(0+C30-C44,0)*9))+(INT(MAX(0+C30-C44,0)*5)))*0.027,10),10) -> 1197370
B14: 기본요금(원/호) | D14: 전력량요금(원/kWh) | I14: 9 | J14: =IF((Sheet2!K54+C31)<=200, 910, IF((Sheet2!K54+C31)<=400, 1600, 7300)) -> 7300 | K14: =INT(IF((Sheet2!K54+C31)<=200, (Sheet2!K54+C31)*120, IF((Sheet2!K54+C31)<=400, 24000+((Sheet2!K54+C31)-200)*214.6, 66920+((Sheet2!K54+C31)-400)*307.3))) -> 594424 | L14: =INT((Sheet2!K54+C31)*9) -> 19049 | M14: =INT((Sheet2!K54+C31)*5) -> 10582 | N14: =SUM(J14:M14) -> 631355 | O14: =ROUND(N14*0.1, 0) -> 63136 | P14: =FLOOR(N14*0.027, 10) -> 17040 | Q14: =FLOOR(N14+O14+P14, 10) -> 711530 | R14: =MAX(Q14-BB14,0) -> 55290 | AK14: 강원도 | AM14: 56.58585 | AN14: 96.03888 | AO14: 94.22202 | AP14: 118.1808 | AQ14: 108.17109 | AR14: 108.5022 | AS14: 104.22324 | AT14: 79.22019 | AU14: 57.8169 | AV14: 78.16743 | AW14: 75.6459 | AX14: 54.48033 | BA14: 9 | BB14: =FLOOR(((IF((0+C31)<=200, 910, IF((0+C31)<=400, 1600, 7300)))+(INT(IF((0+C31)<=200, (0+C31)*120, IF((0+C31)<=400, 24000+((0+C31)-200)*214.6, 66920+((0+C31)-400)*307.3))))+(INT((0+C31)*9))+(INT((0+C31)*5)))+ROUND(((IF((0+C31)<=200, 910, IF((0+C31)<=400, 1600, 7300)))+(INT(IF((0+C31)<=200, (0+C31)*120, IF((0+C31)<=400, 24000+((0+C31)-200)*214.6, 66920+((0+C31)-400)*307.3))))+(INT((0+C31)*9))+(INT((0+C31)*5)))*0.1,0)+FLOOR(((IF((0+C31)<=200, 910, IF((0+C31)<=400, 1600, 7300)))+(INT(IF((0+C31)<=200, (0+C31)*120, IF((0+C31)<=400, 24000+((0+C31)-200)*214.6, 66920+((0+C31)-400)*307.3))))+(INT((0+C31)*9))+(INT((0+C31)*5)))*0.027,10),10) -> 656240 | BC14: =FLOOR(((IF(MAX(0+C31-C45,0)<=200, 910, IF(MAX(0+C31-C45,0)<=400, 1600, 7300)))+(INT(IF(MAX(0+C31-C45,0)<=200, MAX(0+C31-C45,0)*120, IF(MAX(0+C31-C45,0)<=400, 24000+(MAX(0+C31-C45,0)-200)*214.6, 66920+(MAX(0+C31-C45,0)-400)*307.3))))+(INT(MAX(0+C31-C45,0)*9))+(INT(MAX(0+C31-C45,0)*5)))+ROUND(((IF(MAX(0+C31-C45,0)<=200, 910, IF(MAX(0+C31-C45,0)<=400, 1600, 7300)))+(INT(IF(MAX(0+C31-C45,0)<=200, MAX(0+C31-C45,0)*120, IF(MAX(0+C31-C45,0)<=400, 24000+(MAX(0+C31-C45,0)-200)*214.6, 66920+(MAX(0+C31-C45,0)-400)*307.3))))+(INT(MAX(0+C31-C45,0)*9))+(INT(MAX(0+C31-C45,0)*5)))*0.1,0)+FLOOR(((IF(MAX(0+C31-C45,0)<=200, 910, IF(MAX(0+C31-C45,0)<=400, 1600, 7300)))+(INT(IF(MAX(0+C31-C45,0)<=200, MAX(0+C31-C45,0)*120, IF(MAX(0+C31-C45,0)<=400, 24000+(MAX(0+C31-C45,0)-200)*214.6, 66920+(MAX(0+C31-C45,0)-400)*307.3))))+(INT(MAX(0+C31-C45,0)*9))+(INT(MAX(0+C31-C45,0)*5)))*0.027,10),10) -> 656240 | BD14: =FLOOR((($C$170*3)+(ROUNDDOWN(0*30.32%*125.8 + 0*40.48%*153.8 + 0*29.2%*172.4 + C31*30%*125.8 + C31*30%*153.8 + C31*40%*172.4, 0))+(INT((0+C31)*9))+(INT((0+C31)*5)))+ROUND((($C$170*3)+(ROUNDDOWN(0*30.32%*125.8 + 0*40.48%*153.8 + 0*29.2%*172.4 + C31*30%*125.8 + C31*30%*153.8 + C31*40%*172.4, 0))+(INT((0+C31)*9))+(INT((0+C31)*5)))*0.1,0)+FLOOR((($C$170*3)+(ROUNDDOWN(0*30.32%*125.8 + 0*40.48%*153.8 + 0*29.2%*172.4 + C31*30%*125.8 + C31*30%*153.8 + C31*40%*172.4, 0))+(INT((0+C31)*9))+(INT((0+C31)*5)))*0.027,10),10) -> 383830 | BE14: =FLOOR((($C$170*3)+(ROUNDDOWN(MAX(0*30.32% + C31*30% - C45*2.4481%,0)*125.8 + MAX(0*40.48% + C31*30% - C45*89.5608%,0)*153.8 + MAX(0*29.2% + C31*40% - C45*7.9911%,0)*172.4,0))+(INT(MAX(0+C31-C45,0)*9))+(INT(MAX(0+C31-C45,0)*5)))+ROUND((($C$170*3)+(ROUNDDOWN(MAX(0*30.32% + C31*30% - C45*2.4481%,0)*125.8 + MAX(0*40.48% + C31*30% - C45*89.5608%,0)*153.8 + MAX(0*29.2% + C31*40% - C45*7.9911%,0)*172.4,0))+(INT(MAX(0+C31-C45,0)*9))+(INT(MAX(0+C31-C45,0)*5)))*0.1,0)+FLOOR((($C$170*3)+(ROUNDDOWN(MAX(0*30.32% + C31*30% - C45*2.4481%,0)*125.8 + MAX(0*40.48% + C31*30% - C45*89.5608%,0)*153.8 + MAX(0*29.2% + C31*40% - C45*7.9911%,0)*172.4,0))+(INT(MAX(0+C31-C45,0)*9))+(INT(MAX(0+C31-C45,0)*5)))*0.027,10),10) -> 383830
B15: 300kWh이하 사용 | C15: 910 | D15: 처음 300kWh까지 | E15: 120 | I15: 10 | J15: =IF((Sheet2!L54+C32)<=200, 910, IF((Sheet2!L54+C32)<=400, 1600, 7300)) -> 7300 | K15: =INT(IF((Sheet2!L54+C32)<=200, (Sheet2!L54+C32)*120, IF((Sheet2!L54+C32)<=400, 24000+((Sheet2!L54+C32)-200)*214.6, 66920+((Sheet2!L54+C32)-400)*307.3))) -> 447606 | L15: =INT((Sheet2!L54+C32)*9) -> 14749 | M15: =INT((Sheet2!L54+C32)*5) -> 8194 | N15: =SUM(J15:M15) -> 477849 | O15: =ROUND(N15*0.1, 0) -> 47785 | P15: =FLOOR(N15*0.027, 10) -> 12900 | Q15: =FLOOR(N15+O15+P15, 10) -> 538530 | R15: =MAX(Q15-BB15,0) -> 89910 | AK15: 충청북도 | AM15: 59.21775 | AN15: 88.90728 | AO15: 99.48582 | AP15: 121.4919 | AQ15: 111.85575 | AR15: 110.0304 | AS15: 113.96127 | AT15: 76.85148 | AU15: 61.128 | AV15: 77.64105 | AW15: 75.1365 | AX15: 55.79628 | BA15: 10 | BB15: =FLOOR(((IF((0+C32)<=200, 910, IF((0+C32)<=400, 1600, 7300)))+(INT(IF((0+C32)<=200, (0+C32)*120, IF((0+C32)<=400, 24000+((0+C32)-200)*214.6, 66920+((0+C32)-400)*307.3))))+(INT((0+C32)*9))+(INT((0+C32)*5)))+ROUND(((IF((0+C32)<=200, 910, IF((0+C32)<=400, 1600, 7300)))+(INT(IF((0+C32)<=200, (0+C32)*120, IF((0+C32)<=400, 24000+((0+C32)-200)*214.6, 66920+((0+C32)-400)*307.3))))+(INT((0+C32)*9))+(INT((0+C32)*5)))*0.1,0)+FLOOR(((IF((0+C32)<=200, 910, IF((0+C32)<=400, 1600, 7300)))+(INT(IF((0+C32)<=200, (0+C32)*120, IF((0+C32)<=400, 24000+((0+C32)-200)*214.6, 66920+((0+C32)-400)*307.3))))+(INT((0+C32)*9))+(INT((0+C32)*5)))*0.027,10),10) -> 448620 | BC15: =FLOOR(((IF(MAX(0+C32-C46,0)<=200, 910, IF(MAX(0+C32-C46,0)<=400, 1600, 7300)))+(INT(IF(MAX(0+C32-C46,0)<=200, MAX(0+C32-C46,0)*120, IF(MAX(0+C32-C46,0)<=400, 24000+(MAX(0+C32-C46,0)-200)*214.6, 66920+(MAX(0+C32-C46,0)-400)*307.3))))+(INT(MAX(0+C32-C46,0)*9))+(INT(MAX(0+C32-C46,0)*5)))+ROUND(((IF(MAX(0+C32-C46,0)<=200, 910, IF(MAX(0+C32-C46,0)<=400, 1600, 7300)))+(INT(IF(MAX(0+C32-C46,0)<=200, MAX(0+C32-C46,0)*120, IF(MAX(0+C32-C46,0)<=400, 24000+(MAX(0+C32-C46,0)-200)*214.6, 66920+(MAX(0+C32-C46,0)-400)*307.3))))+(INT(MAX(0+C32-C46,0)*9))+(INT(MAX(0+C32-C46,0)*5)))*0.1,0)+FLOOR(((IF(MAX(0+C32-C46,0)<=200, 910, IF(MAX(0+C32-C46,0)<=400, 1600, 7300)))+(INT(IF(MAX(0+C32-C46,0)<=200, MAX(0+C32-C46,0)*120, IF(MAX(0+C32-C46,0)<=400, 24000+(MAX(0+C32-C46,0)-200)*214.6, 66920+(MAX(0+C32-C46,0)-400)*307.3))))+(INT(MAX(0+C32-C46,0)*9))+(INT(MAX(0+C32-C46,0)*5)))*0.027,10),10) -> 448620 | BD15: =FLOOR((($C$170*3)+(ROUNDDOWN(0*42.34%*125.8 + 0*28.1%*153.8 + 0*29.56%*172.4 + C32*30%*125.8 + C32*30%*153.8 + C32*40%*172.4, 0))+(INT((0+C32)*9))+(INT((0+C32)*5)))+ROUND((($C$170*3)+(ROUNDDOWN(0*42.34%*125.8 + 0*28.1%*153.8 + 0*29.56%*172.4 + C32*30%*125.8 + C32*30%*153.8 + C32*40%*172.4, 0))+(INT((0+C32)*9))+(INT((0+C32)*5)))*0.1,0)+FLOOR((($C$170*3)+(ROUNDDOWN(0*42.34%*125.8 + 0*28.1%*153.8 + 0*29.56%*172.4 + C32*30%*125.8 + C32*30%*153.8 + C32*40%*172.4, 0))+(INT((0+C32)*9))+(INT((0+C32)*5)))*0.027,10),10) -> 276020 | BE15: =FLOOR((($C$170*3)+(ROUNDDOWN(MAX(0*42.34% + C32*30% - C46*1.3153%,0)*125.8 + MAX(0*28.1% + C32*30% - C46*93.9251%,0)*153.8 + MAX(0*29.56% + C32*40% - C46*4.7596%,0)*172.4,0))+(INT(MAX(0+C32-C46,0)*9))+(INT(MAX(0+C32-C46,0)*5)))+ROUND((($C$170*3)+(ROUNDDOWN(MAX(0*42.34% + C32*30% - C46*1.3153%,0)*125.8 + MAX(0*28.1% + C32*30% - C46*93.9251%,0)*153.8 + MAX(0*29.56% + C32*40% - C46*4.7596%,0)*172.4,0))+(INT(MAX(0+C32-C46,0)*9))+(INT(MAX(0+C32-C46,0)*5)))*0.1,0)+FLOOR((($C$170*3)+(ROUNDDOWN(MAX(0*42.34% + C32*30% - C46*1.3153%,0)*125.8 + MAX(0*28.1% + C32*30% - C46*93.9251%,0)*153.8 + MAX(0*29.56% + C32*40% - C46*4.7596%,0)*172.4,0))+(INT(MAX(0+C32-C46,0)*9))+(INT(MAX(0+C32-C46,0)*5)))*0.027,10),10) -> 276020
B16: 301~450kWh 사용 | C16: 1600 | D16: 다음 150kWh까지 | E16: 214.6 | I16: 11 | J16: =IF((Sheet2!M54+C33)<=200, 910, IF((Sheet2!M54+C33)<=400, 1600, 7300)) -> 7300 | K16: =INT(IF((Sheet2!M54+C33)<=200, (Sheet2!M54+C33)*120, IF((Sheet2!M54+C33)<=400, 24000+((Sheet2!M54+C33)-200)*214.6, 66920+((Sheet2!M54+C33)-400)*307.3))) -> 479187 | L16: =INT((Sheet2!M54+C33)*9) -> 15674 | M16: =INT((Sheet2!M54+C33)*5) -> 8707 | N16: =SUM(J16:M16) -> 510868 | O16: =ROUND(N16*0.1, 0) -> 51087 | P16: =FLOOR(N16*0.027, 10) -> 13790 | Q16: =FLOOR(N16+O16+P16, 10) -> 575740 | R16: =MAX(Q16-BB16,0) -> 150870 | AK16: 충청남도 | AM16: 61.58646 | AN16: 90.3336 | AO16: 108.17109 | AP16: 123.0201 | AQ16: 110.01342 | AR16: 110.5398 | AS16: 118.17231 | AT16: 80.00976 | AU16: 69.2784 | AV16: 81.06252 | AW16: 78.4476 | AX16: 62.11284 | BA16: 11 | BB16: =FLOOR(((IF((0+C33)<=200, 910, IF((0+C33)<=400, 1600, 7300)))+(INT(IF((0+C33)<=200, (0+C33)*120, IF((0+C33)<=400, 24000+((0+C33)-200)*214.6, 66920+((0+C33)-400)*307.3))))+(INT((0+C33)*9))+(INT((0+C33)*5)))+ROUND(((IF((0+C33)<=200, 910, IF((0+C33)<=400, 1600, 7300)))+(INT(IF((0+C33)<=200, (0+C33)*120, IF((0+C33)<=400, 24000+((0+C33)-200)*214.6, 66920+((0+C33)-400)*307.3))))+(INT((0+C33)*9))+(INT((0+C33)*5)))*0.1,0)+FLOOR(((IF((0+C33)<=200, 910, IF((0+C33)<=400, 1600, 7300)))+(INT(IF((0+C33)<=200, (0+C33)*120, IF((0+C33)<=400, 24000+((0+C33)-200)*214.6, 66920+((0+C33)-400)*307.3))))+(INT((0+C33)*9))+(INT((0+C33)*5)))*0.027,10),10) -> 424870 | BC16: =FLOOR(((IF(MAX(0+C33-C47,0)<=200, 910, IF(MAX(0+C33-C47,0)<=400, 1600, 7300)))+(INT(IF(MAX(0+C33-C47,0)<=200, MAX(0+C33-C47,0)*120, IF(MAX(0+C33-C47,0)<=400, 24000+(MAX(0+C33-C47,0)-200)*214.6, 66920+(MAX(0+C33-C47,0)-400)*307.3))))+(INT(MAX(0+C33-C47,0)*9))+(INT(MAX(0+C33-C47,0)*5)))+ROUND(((IF(MAX(0+C33-C47,0)<=200, 910, IF(MAX(0+C33-C47,0)<=400, 1600, 7300)))+(INT(IF(MAX(0+C33-C47,0)<=200, MAX(0+C33-C47,0)*120, IF(MAX(0+C33-C47,0)<=400, 24000+(MAX(0+C33-C47,0)-200)*214.6, 66920+(MAX(0+C33-C47,0)-400)*307.3))))+(INT(MAX(0+C33-C47,0)*9))+(INT(MAX(0+C33-C47,0)*5)))*0.1,0)+FLOOR(((IF(MAX(0+C33-C47,0)<=200, 910, IF(MAX(0+C33-C47,0)<=400, 1600, 7300)))+(INT(IF(MAX(0+C33-C47,0)<=200, MAX(0+C33-C47,0)*120, IF(MAX(0+C33-C47,0)<=400, 24000+(MAX(0+C33-C47,0)-200)*214.6, 66920+(MAX(0+C33-C47,0)-400)*307.3))))+(INT(MAX(0+C33-C47,0)*9))+(INT(MAX(0+C33-C47,0)*5)))*0.027,10),10) -> 424870 | BD16: =FLOOR((($C$170*3)+(ROUNDDOWN(0*44.43%*138.7 + 0*27.22%*184.7 + 0*28.35%*220.5 + C33*30%*138.7 + C33*30%*184.7 + C33*40%*220.5, 0)+INT(MAX((0+C33)-1000,0)*(736.2-IF((0+C33)=0,0,(ROUNDDOWN(0*44.43%*138.7 + 0*27.22%*184.7 + 0*28.35%*220.5 + C33*30%*138.7 + C33*30%*184.7 + C33*40%*220.5, 0))/(0+C33)))))+(INT((0+C33)*9))+(INT((0+C33)*5)))+ROUND((($C$170*3)+(ROUNDDOWN(0*44.43%*138.7 + 0*27.22%*184.7 + 0*28.35%*220.5 + C33*30%*138.7 + C33*30%*184.7 + C33*40%*220.5, 0)+INT(MAX((0+C33)-1000,0)*(736.2-IF((0+C33)=0,0,(ROUNDDOWN(0*44.43%*138.7 + 0*27.22%*184.7 + 0*28.35%*220.5 + C33*30%*138.7 + C33*30%*184.7 + C33*40%*220.5, 0))/(0+C33)))))+(INT((0+C33)*9))+(INT((0+C33)*5)))*0.1,0)+FLOOR((($C$170*3)+(ROUNDDOWN(0*44.43%*138.7 + 0*27.22%*184.7 + 0*28.35%*220.5 + C33*30%*138.7 + C33*30%*184.7 + C33*40%*220.5, 0)+INT(MAX((0+C33)-1000,0)*(736.2-IF((0+C33)=0,0,(ROUNDDOWN(0*44.43%*138.7 + 0*27.22%*184.7 + 0*28.35%*220.5 + C33*30%*138.7 + C33*30%*184.7 + C33*40%*220.5, 0))/(0+C33)))))+(INT((0+C33)*9))+(INT((0+C33)*5)))*0.027,10),10) -> 513830 | BE16: =FLOOR((($C$170*3)+(ROUNDDOWN(MAX(0*44.43% + C33*30% - C47*0.3291%,0)*138.7 + MAX(0*27.22% + C33*30% - C47*97.1714%,0)*184.7 + MAX(0*28.35% + C33*40% - C47*2.4994%,0)*220.5,0)+INT(MAX(MAX(0+C33-C47,0)-1000,0)*(736.2-IF(MAX(0+C33-C47,0)=0,0,(ROUNDDOWN(MAX(0*44.43% + C33*30% - C47*0.3291%,0)*138.7 + MAX(0*27.22% + C33*30% - C47*97.1714%,0)*184.7 + MAX(0*28.35% + C33*40% - C47*2.4994%,0)*220.5,0))/MAX(0+C33-C47,0)))))+(INT(MAX(0+C33-C47,0)*9))+(INT(MAX(0+C33-C47,0)*5)))+ROUND((($C$170*3)+(ROUNDDOWN(MAX(0*44.43% + C33*30% - C47*0.3291%,0)*138.7 + MAX(0*27.22% + C33*30% - C47*97.1714%,0)*184.7 + MAX(0*28.35% + C33*40% - C47*2.4994%,0)*220.5,0)+INT(MAX(MAX(0+C33-C47,0)-1000,0)*(736.2-IF(MAX(0+C33-C47,0)=0,0,(ROUNDDOWN(MAX(0*44.43% + C33*30% - C47*0.3291%,0)*138.7 + MAX(0*27.22% + C33*30% - C47*97.1714%,0)*184.7 + MAX(0*28.35% + C33*40% - C47*2.4994%,0)*220.5,0))/MAX(0+C33-C47,0)))))+(INT(MAX(0+C33-C47,0)*9))+(INT(MAX(0+C33-C47,0)*5)))*0.1,0)+FLOOR((($C$170*3)+(ROUNDDOWN(MAX(0*44.43% + C33*30% - C47*0.3291%,0)*138.7 + MAX(0*27.22% + C33*30% - C47*97.1714%,0)*184.7 + MAX(0*28.35% + C33*40% - C47*2.4994%,0)*220.5,0)+INT(MAX(MAX(0+C33-C47,0)-1000,0)*(736.2-IF(MAX(0+C33-C47,0)=0,0,(ROUNDDOWN(MAX(0*44.43% + C33*30% - C47*0.3291%,0)*138.7 + MAX(0*27.22% + C33*30% - C47*97.1714%,0)*184.7 + MAX(0*28.35% + C33*40% - C47*2.4994%,0)*220.5,0))/MAX(0+C33-C47,0)))))+(INT(MAX(0+C33-C47,0)*9))+(INT(MAX(0+C33-C47,0)*5)))*0.027,10),10) -> 513830
B17: 450kWh초과 사용 | C17: 7300 | D17: 450kWh초과 | E17: 307.3 | G17: =(120*300)+(150*214.6) -> 68190 | I17: 12 | J17: =IF((Sheet2!N54+C34)<=200, 910, IF((Sheet2!N54+C34)<=400, 1600, 7300)) -> 7300 | K17: =INT(IF((Sheet2!N54+C34)<=200, (Sheet2!N54+C34)*120, IF((Sheet2!N54+C34)<=400, 24000+((Sheet2!N54+C34)-200)*214.6, 66920+((Sheet2!N54+C34)-400)*307.3)))+INT(MAX((Sheet2!N54+C34)-1000,0)*(736.2-307.3)) -> 1091042 | L17: =INT((Sheet2!N54+C34)*9) -> 19265 | M17: =INT((Sheet2!N54+C34)*5) -> 10703 | N17: =SUM(J17:M17) -> 1128310 | O17: =ROUND(N17*0.1, 0) -> 112831 | P17: =FLOOR(N17*0.027, 10) -> 30460 | Q17: =FLOOR(N17+O17+P17, 10) -> 1271600 | R17: =MAX(Q17-BB17,0) -> 642480 | AK17: 경상북도 | AM17: 72.11406 | AN17: 97.94064 | AO17: 100.80177 | AP17: 124.2936 | AQ17: 114.22446 | AR17: 114.1056 | AS17: 122.90973 | AT17: 78.16743 | AU17: 57.3075 | AV17: 84.2208 | AW17: 81.504 | AX17: 67.37664 | BA17: 12 | BB17: =FLOOR(((IF((0+C34)<=200, 910, IF((0+C34)<=400, 1600, 7300)))+(INT(IF((0+C34)<=200, (0+C34)*120, IF((0+C34)<=400, 24000+((0+C34)-200)*214.6, 66920+((0+C34)-400)*307.3)))+INT(MAX((0+C34)-1000,0)*(736.2-307.3)))+(INT((0+C34)*9))+(INT((0+C34)*5)))+ROUND(((IF((0+C34)<=200, 910, IF((0+C34)<=400, 1600, 7300)))+(INT(IF((0+C34)<=200, (0+C34)*120, IF((0+C34)<=400, 24000+((0+C34)-200)*214.6, 66920+((0+C34)-400)*307.3)))+INT(MAX((0+C34)-1000,0)*(736.2-307.3)))+(INT((0+C34)*9))+(INT((0+C34)*5)))*0.1,0)+FLOOR(((IF((0+C34)<=200, 910, IF((0+C34)<=400, 1600, 7300)))+(INT(IF((0+C34)<=200, (0+C34)*120, IF((0+C34)<=400, 24000+((0+C34)-200)*214.6, 66920+((0+C34)-400)*307.3)))+INT(MAX((0+C34)-1000,0)*(736.2-307.3)))+(INT((0+C34)*9))+(INT((0+C34)*5)))*0.027,10),10) -> 629120 | BC17: =FLOOR(((IF(MAX(0+C34-C48,0)<=200, 910, IF(MAX(0+C34-C48,0)<=400, 1600, 7300)))+(INT(IF(MAX(0+C34-C48,0)<=200, MAX(0+C34-C48,0)*120, IF(MAX(0+C34-C48,0)<=400, 24000+(MAX(0+C34-C48,0)-200)*214.6, 66920+(MAX(0+C34-C48,0)-400)*307.3)))+INT(MAX(MAX(0+C34-C48,0)-1000,0)*(736.2-307.3)))+(INT(MAX(0+C34-C48,0)*9))+(INT(MAX(0+C34-C48,0)*5)))+ROUND(((IF(MAX(0+C34-C48,0)<=200, 910, IF(MAX(0+C34-C48,0)<=400, 1600, 7300)))+(INT(IF(MAX(0+C34-C48,0)<=200, MAX(0+C34-C48,0)*120, IF(MAX(0+C34-C48,0)<=400, 24000+(MAX(0+C34-C48,0)-200)*214.6, 66920+(MAX(0+C34-C48,0)-400)*307.3)))+INT(MAX(MAX(0+C34-C48,0)-1000,0)*(736.2-307.3)))+(INT(MAX(0+C34-C48,0)*9))+(INT(MAX(0+C34-C48,0)*5)))*0.1,0)+FLOOR(((IF(MAX(0+C34-C48,0)<=200, 910, IF(MAX(0+C34-C48,0)<=400, 1600, 7300)))+(INT(IF(MAX(0+C34-C48,0)<=200, MAX(0+C34-C48,0)*120, IF(MAX(0+C34-C48,0)<=400, 24000+(MAX(0+C34-C48,0)-200)*214.6, 66920+(MAX(0+C34-C48,0)-400)*307.3)))+INT(MAX(MAX(0+C34-C48,0)-1000,0)*(736.2-307.3)))+(INT(MAX(0+C34-C48,0)*9))+(INT(MAX(0+C34-C48,0)*5)))*0.027,10),10) -> 629120 | BD17: =FLOOR((($C$170*3)+(ROUNDDOWN(0*43.82%*138.7 + 0*28.18%*184.7 + 0*28%*220.5 + C34*30%*138.7 + C34*30%*184.7 + C34*40%*220.5, 0)+INT(MAX((0+C34)-1000,0)*(736.2-IF((0+C34)=0,0,(ROUNDDOWN(0*43.82%*138.7 + 0*28.18%*184.7 + 0*28%*220.5 + C34*30%*138.7 + C34*30%*184.7 + C34*40%*220.5, 0))/(0+C34)))))+(INT((0+C34)*9))+(INT((0+C34)*5)))+ROUND((($C$170*3)+(ROUNDDOWN(0*43.82%*138.7 + 0*28.18%*184.7 + 0*28%*220.5 + C34*30%*138.7 + C34*30%*184.7 + C34*40%*220.5, 0)+INT(MAX((0+C34)-1000,0)*(736.2-IF((0+C34)=0,0,(ROUNDDOWN(0*43.82%*138.7 + 0*28.18%*184.7 + 0*28%*220.5 + C34*30%*138.7 + C34*30%*184.7 + C34*40%*220.5, 0))/(0+C34)))))+(INT((0+C34)*9))+(INT((0+C34)*5)))*0.1,0)+FLOOR((($C$170*3)+(ROUNDDOWN(0*43.82%*138.7 + 0*28.18%*184.7 + 0*28%*220.5 + C34*30%*138.7 + C34*30%*184.7 + C34*40%*220.5, 0)+INT(MAX((0+C34)-1000,0)*(736.2-IF((0+C34)=0,0,(ROUNDDOWN(0*43.82%*138.7 + 0*28.18%*184.7 + 0*28%*220.5 + C34*30%*138.7 + C34*30%*184.7 + C34*40%*220.5, 0))/(0+C34)))))+(INT((0+C34)*9))+(INT((0+C34)*5)))*0.027,10),10) -> 561000 | BE17: =FLOOR((($C$170*3)+(ROUNDDOWN(MAX(0*43.82% + C34*30% - C48*0.0353%,0)*138.7 + MAX(0*28.18% + C34*30% - C48*97.784%,0)*184.7 + MAX(0*28% + C34*40% - C48*2.1807%,0)*220.5,0)+INT(MAX(MAX(0+C34-C48,0)-1000,0)*(736.2-IF(MAX(0+C34-C48,0)=0,0,(ROUNDDOWN(MAX(0*43.82% + C34*30% - C48*0.0353%,0)*138.7 + MAX(0*28.18% + C34*30% - C48*97.784%,0)*184.7 + MAX(0*28% + C34*40% - C48*2.1807%,0)*220.5,0))/MAX(0+C34-C48,0)))))+(INT(MAX(0+C34-C48,0)*9))+(INT(MAX(0+C34-C48,0)*5)))+ROUND((($C$170*3)+(ROUNDDOWN(MAX(0*43.82% + C34*30% - C48*0.0353%,0)*138.7 + MAX(0*28.18% + C34*30% - C48*97.784%,0)*184.7 + MAX(0*28% + C34*40% - C48*2.1807%,0)*220.5,0)+INT(MAX(MAX(0+C34-C48,0)-1000,0)*(736.2-IF(MAX(0+C34-C48,0)=0,0,(ROUNDDOWN(MAX(0*43.82% + C34*30% - C48*0.0353%,0)*138.7 + MAX(0*28.18% + C34*30% - C48*97.784%,0)*184.7 + MAX(0*28% + C34*40% - C48*2.1807%,0)*220.5,0))/MAX(0+C34-C48,0)))))+(INT(MAX(0+C34-C48,0)*9))+(INT(MAX(0+C34-C48,0)*5)))*0.1,0)+FLOOR((($C$170*3)+(ROUNDDOWN(MAX(0*43.82% + C34*30% - C48*0.0353%,0)*138.7 + MAX(0*28.18% + C34*30% - C48*97.784%,0)*184.7 + MAX(0*28% + C34*40% - C48*2.1807%,0)*220.5,0)+INT(MAX(MAX(0+C34-C48,0)-1000,0)*(736.2-IF(MAX(0+C34-C48,0)=0,0,(ROUNDDOWN(MAX(0*43.82% + C34*30% - C48*0.0353%,0)*138.7 + MAX(0*28.18% + C34*30% - C48*97.784%,0)*184.7 + MAX(0*28% + C34*40% - C48*2.1807%,0)*220.5,0))/MAX(0+C34-C48,0)))))+(INT(MAX(0+C34-C48,0)*9))+(INT(MAX(0+C34-C48,0)*5)))*0.027,10),10) -> 561000
I18: 도시가스(일반)->HP | J18: 기본요금 | K18: 사용량요금 | L18: 기후환경요금 | M18: 연료비조정요금 | N18: 전기요금계 | O18: 부가가치세 | P18: 전력산업기반기금 | Q18: 청구요금합계 | R18: HP전기요금 | S18: =SUM(R19:R30) -> 3142520 | T18: =Sheet2!O18 -> 1620551.6 | U18: =(T18-S18)/T18 -> -0.93916686 | AK18: 전라북도 | AM18: 61.06008 | AN18: 83.43972 | AO18: 105.53919 | AP18: 122.0013 | AQ18: 108.17109 | AR18: 113.3415 | AS18: 117.90912 | AT18: 81.5889 | AU18: 72.0801 | AV18: 82.11528 | AW18: 79.4664 | AX18: 63.42879
B19: 1. 하계 : 7월 1일~8월 31일 | I19: 1 | J19: =IF((Sheet2!C55+C23)<=200, 910, IF((Sheet2!C55+C23)<=400, 1600, 7300)) -> 7300 | K19: =INT(IF((Sheet2!C55+C23)<=200, (Sheet2!C55+C23)*120, IF((Sheet2!C55+C23)<=400, 24000+((Sheet2!C55+C23)-200)*214.6, 66920+((Sheet2!C55+C23)-400)*307.3)))+INT(MAX((Sheet2!C55+C23)-1000,0)*(736.2-307.3)) -> 1407919 | L19: =INT((Sheet2!C55+C23)*9) -> 23139 | M19: =INT((Sheet2!C55+C23)*5) -> 12855 | N19: =SUM(J19:M19) -> 1451213 | O19: =ROUND(N19*0.1, 0) -> 145121 | P19: =FLOOR(N19*0.027, 10) -> 39180 | Q19: =FLOOR(N19+O19+P19, 10) -> 1635510 | R19: =MAX(Q19-BB6,0) -> 905560 | AK19: 경상남도 | AM19: 76.06191 | AN19: 93.42396 | AO19: 100.53858 | AP19: 116.9073 | AQ19: 107.38152 | AR19: 108.5022 | AS19: 119.22507 | AT19: 77.90424 | AU19: 65.7126 | AV19: 82.37847 | AW19: 79.7211 | AX19: 67.90302
B20: 2. 슈퍼유저요금 : 하계(7월 1일~8월 31일) 1,000kWh초과 전력량요금은 736.2원/kWh 적용 | I20: 2 | J20: =IF((Sheet2!D55+C24)<=200, 910, IF((Sheet2!D55+C24)<=400, 1600, 7300)) -> 7300 | K20: =INT(IF((Sheet2!D55+C24)<=200, (Sheet2!D55+C24)*120, IF((Sheet2!D55+C24)<=400, 24000+((Sheet2!D55+C24)-200)*214.6, 66920+((Sheet2!D55+C24)-400)*307.3)))+INT(MAX((Sheet2!D55+C24)-1000,0)*(736.2-307.3)) -> 1318833 | L20: =INT((Sheet2!D55+C24)*9) -> 22050 | M20: =INT((Sheet2!D55+C24)*5) -> 12250 | N20: =SUM(J20:M20) -> 1360433 | O20: =ROUND(N20*0.1, 0) -> 136043 | P20: =FLOOR(N20*0.027, 10) -> 36730 | Q20: =FLOOR(N20+O20+P20, 10) -> 1533200 | R20: =MAX(Q20-BB7,0) -> 794310 | AK20: 전라남도 | AM20: 73.6932 | AN20: 81.77568 | AO20: 101.06496 | AP20: 119.9637 | AQ20: 105.276 | AR20: 108.5022 | AS20: 121.59378 | AT20: 81.85209 | AU20: 76.41 | AV20: 83.43123 | AW20: 80.7399 | AX20: 69.74535
I21: 3 | J21: =IF((Sheet2!E55+C25)<=200, 910, IF((Sheet2!E55+C25)<=400, 1600, 7300)) -> 7300 | K21: =INT(IF((Sheet2!E55+C25)<=200, (Sheet2!E55+C25)*120, IF((Sheet2!E55+C25)<=400, 24000+((Sheet2!E55+C25)-200)*214.6, 66920+((Sheet2!E55+C25)-400)*307.3))) -> 569678 | L21: =INT((Sheet2!E55+C25)*9) -> 18324 | M21: =INT((Sheet2!E55+C25)*5) -> 10180 | N21: =SUM(J21:M21) -> 605482 | O21: =ROUND(N21*0.1, 0) -> 60548 | P21: =FLOOR(N21*0.027, 10) -> 16340 | Q21: =FLOOR(N21+O21+P21, 10) -> 682370 | R21: =MAX(Q21-BB8,0) -> 261750 | AK21: 제주특별자치도 | AM21: 64.21836 | AN21: 66.79932 | AO21: 87.11589 | AP21: 116.1432 | AQ21: 104.48643 | AR21: 92.9655 | AS21: 107.64471 | AT21: 84.74718 | AU21: 78.957 | AV21: 81.85209 | AW21: 79.2117 | AX21: 66.58707
C22: 기존 전기소비량 | I22: 4 | J22: =IF((Sheet2!F55+C26)<=200, 910, IF((Sheet2!F55+C26)<=400, 1600, 7300)) -> 7300 | K22: =INT(IF((Sheet2!F55+C26)<=200, (Sheet2!F55+C26)*120, IF((Sheet2!F55+C26)<=400, 24000+((Sheet2!F55+C26)-200)*214.6, 66920+((Sheet2!F55+C26)-400)*307.3))) -> 439021 | L22: =INT((Sheet2!F55+C26)*9) -> 14497 | M22: =INT((Sheet2!F55+C26)*5) -> 8054 | N22: =SUM(J22:M22) -> 468872 | O22: =ROUND(N22*0.1, 0) -> 46887 | P22: =FLOOR(N22*0.027, 10) -> 12650 | Q22: =FLOOR(N22+O22+P22, 10) -> 528400 | R22: =MAX(Q22-BB9,0) -> 105950
B23: 1 | C23: =Sheet2!C24 -> 1500 | D23: 1 | I23: 5 | J23: =IF((Sheet2!G55+C27)<=200, 910, IF((Sheet2!G55+C27)<=400, 1600, 7300)) -> 7300 | K23: =INT(IF((Sheet2!G55+C27)<=200, (Sheet2!G55+C27)*120, IF((Sheet2!G55+C27)<=400, 24000+((Sheet2!G55+C27)-200)*214.6, 66920+((Sheet2!G55+C27)-400)*307.3))) -> 376017 | L23: =INT((Sheet2!G55+C27)*9) -> 12652 | M23: =INT((Sheet2!G55+C27)*5) -> 7029 | N23: =SUM(J23:M23) -> 402998 | O23: =ROUND(N23*0.1, 0) -> 40300 | P23: =FLOOR(N23*0.027, 10) -> 10880 | Q23: =FLOOR(N23+O23+P23, 10) -> 454170 | R23: =MAX(Q23-BB10,0) -> 61030
B24: 2 | C24: =Sheet2!D24 -> 1510.5769 | D24: 2 | I24: 6 | J24: =IF((Sheet2!H55+C28)<=200, 910, IF((Sheet2!H55+C28)<=400, 1600, 7300)) -> 7300 | K24: =INT(IF((Sheet2!H55+C28)<=200, (Sheet2!H55+C28)*120, IF((Sheet2!H55+C28)<=400, 24000+((Sheet2!H55+C28)-200)*214.6, 66920+((Sheet2!H55+C28)-400)*307.3))) -> 384914 | L24: =INT((Sheet2!H55+C28)*9) -> 12913 | M24: =INT((Sheet2!H55+C28)*5) -> 7174 | N24: =SUM(J24:M24) -> 412301 | O24: =ROUND(N24*0.1, 0) -> 41230 | P24: =FLOOR(N24*0.027, 10) -> 11130 | Q24: =FLOOR(N24+O24+P24, 10) -> 464660 | R24: =MAX(Q24-BB11,0) -> 41730
B25: 3 | C25: =Sheet2!E24 -> 1313.2115 | D25: 3 | I25: 7 | J25: =IF((Sheet2!I55+C29)<=300, 910, IF((Sheet2!I55+C29)<=450, 1600, 7300)) -> 7300 | K25: =INT(IF((Sheet2!I55+C29)<=300, (Sheet2!I55+C29)*120, IF((Sheet2!I55+C29)<=450, 36000+((Sheet2!I55+C29)-300)*214.6, 68190+((Sheet2!I55+C29)-450)*307.3)))+INT(MAX((Sheet2!I55+C29)-1000,0)*(736.2-307.3)) -> 805854 | L25: =INT((Sheet2!I55+C29)*9) -> 15951 | M25: =INT((Sheet2!I55+C29)*5) -> 8862 | N25: =SUM(J25:M25) -> 837967 | O25: =ROUND(N25*0.1, 0) -> 83797 | P25: =FLOOR(N25*0.027, 10) -> 22620 | Q25: =FLOOR(N25+O25+P25, 10) -> 944380 | R25: =MAX(Q25-BB12,0) -> 62930
B26: 4 | C26: =Sheet2!F24 -> 1318.2304 | D26: 4 | I26: 8 | J26: =IF((Sheet2!J55+C30)<=300, 910, IF((Sheet2!J55+C30)<=450, 1600, 7300)) -> 7300 | K26: =INT(IF((Sheet2!J55+C30)<=300, (Sheet2!J55+C30)*120, IF((Sheet2!J55+C30)<=450, 36000+((Sheet2!J55+C30)-300)*214.6, 68190+((Sheet2!J55+C30)-450)*307.3)))+INT(MAX((Sheet2!J55+C30)-1000,0)*(736.2-307.3)) -> 1126091 | L26: =INT((Sheet2!J55+C30)*9) -> 19866 | M26: =INT((Sheet2!J55+C30)*5) -> 11036 | N26: =SUM(J26:M26) -> 1164293 | O26: =ROUND(N26*0.1, 0) -> 116429 | P26: =FLOOR(N26*0.027, 10) -> 31430 | Q26: =FLOOR(N26+O26+P26, 10) -> 1312150 | R26: =MAX(Q26-BB13,0) -> 62540
B27: 5 | C27: =Sheet2!G24 -> 1237.326 | D27: 5 | I27: 9 | J27: =IF((Sheet2!K55+C31)<=200, 910, IF((Sheet2!K55+C31)<=400, 1600, 7300)) -> 7300 | K27: =INT(IF((Sheet2!K55+C31)<=200, (Sheet2!K55+C31)*120, IF((Sheet2!K55+C31)<=400, 24000+((Sheet2!K55+C31)-200)*214.6, 66920+((Sheet2!K55+C31)-400)*307.3))) -> 589834 | L27: =INT((Sheet2!K55+C31)*9) -> 18914 | M27: =INT((Sheet2!K55+C31)*5) -> 10508 | N27: =SUM(J27:M27) -> 626556 | O27: =ROUND(N27*0.1, 0) -> 62656 | P27: =FLOOR(N27*0.027, 10) -> 16910 | Q27: =FLOOR(N27+O27+P27, 10) -> 706120 | R27: =MAX(Q27-BB14,0) -> 49880
B28: 6 | C28: =Sheet2!H24 -> 1319.5808 | D28: 6 | I28: 10 | J28: =IF((Sheet2!L55+C32)<=200, 910, IF((Sheet2!L55+C32)<=400, 1600, 7300)) -> 7300 | K28: =INT(IF((Sheet2!L55+C32)<=200, (Sheet2!L55+C32)*120, IF((Sheet2!L55+C32)<=400, 24000+((Sheet2!L55+C32)-200)*214.6, 66920+((Sheet2!L55+C32)-400)*307.3))) -> 440142 | L28: =INT((Sheet2!L55+C32)*9) -> 14530 | M28: =INT((Sheet2!L55+C32)*5) -> 8072 | N28: =SUM(J28:M28) -> 470044 | O28: =ROUND(N28*0.1, 0) -> 47004 | P28: =FLOOR(N28*0.027, 10) -> 12690 | Q28: =FLOOR(N28+O28+P28, 10) -> 529730 | R28: =MAX(Q28-BB15,0) -> 81110
B29: 7 | C29: =Sheet2!I24 -> 1697.9813 | D29: 7 | I29: 11 | J29: =IF((Sheet2!M55+C33)<=200, 910, IF((Sheet2!M55+C33)<=400, 1600, 7300)) -> 7300 | K29: =INT(IF((Sheet2!M55+C33)<=200, (Sheet2!M55+C33)*120, IF((Sheet2!M55+C33)<=400, 24000+((Sheet2!M55+C33)-200)*214.6, 66920+((Sheet2!M55+C33)-400)*307.3))) -> 466663 | L29: =INT((Sheet2!M55+C33)*9) -> 15307 | M29: =INT((Sheet2!M55+C33)*5) -> 8504 | N29: =SUM(J29:M29) -> 497774 | O29: =ROUND(N29*0.1, 0) -> 49777 | P29: =FLOOR(N29*0.027, 10) -> 13430 | Q29: =FLOOR(N29+O29+P29, 10) -> 560980 | R29: =MAX(Q29-BB16,0) -> 136110
B30: 8 | C30: =Sheet2!J24 -> 2133.4285 | D30: 8 | I30: 12 | J30: =IF((Sheet2!N55+C34)<=200, 910, IF((Sheet2!N55+C34)<=400, 1600, 7300)) -> 7300 | K30: =INT(IF((Sheet2!N55+C34)<=200, (Sheet2!N55+C34)*120, IF((Sheet2!N55+C34)<=400, 24000+((Sheet2!N55+C34)-200)*214.6, 66920+((Sheet2!N55+C34)-400)*307.3)))+INT(MAX((Sheet2!N55+C34)-1000,0)*(736.2-307.3)) -> 1036315 | L30: =INT((Sheet2!N55+C34)*9) -> 18596 | M30: =INT((Sheet2!N55+C34)*5) -> 10331 | N30: =SUM(J30:M30) -> 1072542 | O30: =ROUND(N30*0.1, 0) -> 107254 | P30: =FLOOR(N30*0.027, 10) -> 28950 | Q30: =FLOOR(N30+O30+P30, 10) -> 1208740 | R30: =MAX(Q30-BB17,0) -> 579620
B31: 9 | C31: =Sheet2!K24 -> 1963.8835 | D31: 9 | I31: 등유->HP | J31: 기본요금 | K31: 사용량요금 | L31: 기후환경요금 | M31: 연료비조정요금 | N31: 전기요금계 | O31: 부가가치세 | P31: 전력산업기반기금 | Q31: 청구요금합계 | R31: HP전기요금 | S31: =SUM(R32:R43) -> 2134160 | T31: =Sheet2!O18 -> 1620551.6 | U31: =(T31-S31)/T31 -> -0.31693429
B32: 10 | C32: =Sheet2!L24 -> 1390.5278 | D32: 10 | I32: 1 | J32: =IF((Sheet2!C56+C23)<=200, 910, IF((Sheet2!C56+C23)<=400, 1600, 7300)) -> 7300 | K32: =INT(IF((Sheet2!C56+C23)<=200, (Sheet2!C56+C23)*120, IF((Sheet2!C56+C23)<=400, 24000+((Sheet2!C56+C23)-200)*214.6, 66920+((Sheet2!C56+C23)-400)*307.3)))+INT(MAX((Sheet2!C56+C23)-1000,0)*(736.2-307.3)) -> 1154898 | L32: =INT((Sheet2!C56+C23)*9) -> 20046 | M32: =INT((Sheet2!C56+C23)*5) -> 11136 | N32: =SUM(J32:M32) -> 1193380 | O32: =ROUND(N32*0.1, 0) -> 119338 | P32: =FLOOR(N32*0.027, 10) -> 32220 | Q32: =FLOOR(N32+O32+P32, 10) -> 1344930 | R32: =MAX(Q32-BB6,0) -> 614980
B33: 11 | C33: =Sheet2!M24 -> 1324.9518 | D33: 11 | I33: 2 | J33: =IF((Sheet2!D56+C24)<=200, 910, IF((Sheet2!D56+C24)<=400, 1600, 7300)) -> 7300 | K33: =INT(IF((Sheet2!D56+C24)<=200, (Sheet2!D56+C24)*120, IF((Sheet2!D56+C24)<=400, 24000+((Sheet2!D56+C24)-200)*214.6, 66920+((Sheet2!D56+C24)-400)*307.3)))+INT(MAX((Sheet2!D56+C24)-1000,0)*(736.2-307.3)) -> 1096898 | L33: =INT((Sheet2!D56+C24)*9) -> 19337 | M33: =INT((Sheet2!D56+C24)*5) -> 10742 | N33: =SUM(J33:M33) -> 1134277 | O33: =ROUND(N33*0.1, 0) -> 113428 | P33: =FLOOR(N33*0.027, 10) -> 30620 | Q33: =FLOOR(N33+O33+P33, 10) -> 1278320 | R33: =MAX(Q33-BB7,0) -> 539430
B34: 12 | C34: =Sheet2!N24 -> 1380.746 | D34: 12 | I34: 3 | J34: =IF((Sheet2!E56+C25)<=200, 910, IF((Sheet2!E56+C25)<=400, 1600, 7300)) -> 7300 | K34: =INT(IF((Sheet2!E56+C25)<=200, (Sheet2!E56+C25)*120, IF((Sheet2!E56+C25)<=400, 24000+((Sheet2!E56+C25)-200)*214.6, 66920+((Sheet2!E56+C25)-400)*307.3))) -> 498401 | L34: =INT((Sheet2!E56+C25)*9) -> 16236 | M34: =INT((Sheet2!E56+C25)*5) -> 9020 | N34: =SUM(J34:M34) -> 530957 | O34: =ROUND(N34*0.1, 0) -> 53096 | P34: =FLOOR(N34*0.027, 10) -> 14330 | Q34: =FLOOR(N34+O34+P34, 10) -> 598380 | R34: =MAX(Q34-BB8,0) -> 177760
I35: 4 | J35: =IF((Sheet2!F56+C26)<=200, 910, IF((Sheet2!F56+C26)<=400, 1600, 7300)) -> 7300 | K35: =INT(IF((Sheet2!F56+C26)<=200, (Sheet2!F56+C26)*120, IF((Sheet2!F56+C26)<=400, 24000+((Sheet2!F56+C26)-200)*214.6, 66920+((Sheet2!F56+C26)-400)*307.3))) -> 410165 | L35: =INT((Sheet2!F56+C26)*9) -> 13652 | M35: =INT((Sheet2!F56+C26)*5) -> 7584 | N35: =SUM(J35:M35) -> 438701 | O35: =ROUND(N35*0.1, 0) -> 43870 | P35: =FLOOR(N35*0.027, 10) -> 11840 | Q35: =FLOOR(N35+O35+P35, 10) -> 494410 | R35: =MAX(Q35-BB9,0) -> 71960
C36: 월별태양광발전량 | I36: 5 | J36: =IF((Sheet2!G56+C27)<=200, 910, IF((Sheet2!G56+C27)<=400, 1600, 7300)) -> 7300 | K36: =INT(IF((Sheet2!G56+C27)<=200, (Sheet2!G56+C27)*120, IF((Sheet2!G56+C27)<=400, 24000+((Sheet2!G56+C27)-200)*214.6, 66920+((Sheet2!G56+C27)-400)*307.3))) -> 359400 | L36: =INT((Sheet2!G56+C27)*9) -> 12165 | M36: =INT((Sheet2!G56+C27)*5) -> 6758 | N36: =SUM(J36:M36) -> 385623 | O36: =ROUND(N36*0.1, 0) -> 38562 | P36: =FLOOR(N36*0.027, 10) -> 10410 | Q36: =FLOOR(N36+O36+P36, 10) -> 434590 | R36: =MAX(Q36-BB10,0) -> 41450
B37: 1 | C37: =IFERROR(INDEX($AM$5:$AM$21, MATCH(Sheet2!$C$19, $AK$5:$AK$21, 0)) * Sheet2!$C$29, 0) -> 0 | D37: 1 | I37: 6 | J37: =IF((Sheet2!H56+C28)<=200, 910, IF((Sheet2!H56+C28)<=400, 1600, 7300)) -> 7300 | K37: =INT(IF((Sheet2!H56+C28)<=200, (Sheet2!H56+C28)*120, IF((Sheet2!H56+C28)<=400, 24000+((Sheet2!H56+C28)-200)*214.6, 66920+((Sheet2!H56+C28)-400)*307.3))) -> 373552 | L37: =INT((Sheet2!H56+C28)*9) -> 12580 | M37: =INT((Sheet2!H56+C28)*5) -> 6989 | N37: =SUM(J37:M37) -> 400421 | O37: =ROUND(N37*0.1, 0) -> 40042 | P37: =FLOOR(N37*0.027, 10) -> 10810 | Q37: =FLOOR(N37+O37+P37, 10) -> 451270 | R37: =MAX(Q37-BB11,0) -> 28340
B38: 2 | C38: =IFERROR(INDEX($AN$5:$AN$21, MATCH(Sheet2!$C$19, $AK$5:$AK$21, 0)) * Sheet2!$C$29, 0) -> 0 | D38: 2 | I38: 7 | J38: =IF((Sheet2!I56+C29)<=300, 910, IF((Sheet2!I56+C29)<=450, 1600, 7300)) -> 7300 | K38: =INT(IF((Sheet2!I56+C29)<=300, (Sheet2!I56+C29)*120, IF((Sheet2!I56+C29)<=450, 36000+((Sheet2!I56+C29)-300)*214.6, 68190+((Sheet2!I56+C29)-450)*307.3)))+INT(MAX((Sheet2!I56+C29)-1000,0)*(736.2-307.3)) -> 788270 | L38: =INT((Sheet2!I56+C29)*9) -> 15736 | M38: =INT((Sheet2!I56+C29)*5) -> 8742 | N38: =SUM(J38:M38) -> 820048 | O38: =ROUND(N38*0.1, 0) -> 82005 | P38: =FLOOR(N38*0.027, 10) -> 22140 | Q38: =FLOOR(N38+O38+P38, 10) -> 924190 | R38: =MAX(Q38-BB12,0) -> 42740
B39: 3 | C39: =IFERROR(INDEX($AO$5:$AO$21, MATCH(Sheet2!$C$19, $AK$5:$AK$21, 0)) * Sheet2!$C$29, 0) -> 0 | D39: 3 | I39: 8 | J39: =IF((Sheet2!J56+C30)<=300, 910, IF((Sheet2!J56+C30)<=450, 1600, 7300)) -> 7300 | K39: =INT(IF((Sheet2!J56+C30)<=300, (Sheet2!J56+C30)*120, IF((Sheet2!J56+C30)<=450, 36000+((Sheet2!J56+C30)-300)*214.6, 68190+((Sheet2!J56+C30)-450)*307.3)))+INT(MAX((Sheet2!J56+C30)-1000,0)*(736.2-307.3)) -> 1108617 | L39: =INT((Sheet2!J56+C30)*9) -> 19652 | M39: =INT((Sheet2!J56+C30)*5) -> 10918 | N39: =SUM(J39:M39) -> 1146487 | O39: =ROUND(N39*0.1, 0) -> 114649 | P39: =FLOOR(N39*0.027, 10) -> 30950 | Q39: =FLOOR(N39+O39+P39, 10) -> 1292080 | R39: =MAX(Q39-BB13,0) -> 42470
B40: 4 | C40: =IFERROR(INDEX($AP$5:$AP$21, MATCH(Sheet2!$C$19, $AK$5:$AK$21, 0)) * Sheet2!$C$29, 0) -> 0 | D40: 4 | I40: 9 | J40: =IF((Sheet2!K56+C31)<=200, 910, IF((Sheet2!K56+C31)<=400, 1600, 7300)) -> 7300 | K40: =INT(IF((Sheet2!K56+C31)<=200, (Sheet2!K56+C31)*120, IF((Sheet2!K56+C31)<=400, 24000+((Sheet2!K56+C31)-200)*214.6, 66920+((Sheet2!K56+C31)-400)*307.3))) -> 576250 | L40: =INT((Sheet2!K56+C31)*9) -> 18516 | M40: =INT((Sheet2!K56+C31)*5) -> 10287 | N40: =SUM(J40:M40) -> 612353 | O40: =ROUND(N40*0.1, 0) -> 61235 | P40: =FLOOR(N40*0.027, 10) -> 16530 | Q40: =FLOOR(N40+O40+P40, 10) -> 690110 | R40: =MAX(Q40-BB14,0) -> 33870
B41: 5 | C41: =IFERROR(INDEX($AQ$5:$AQ$21, MATCH(Sheet2!$C$19, $AK$5:$AK$21, 0)) * Sheet2!$C$29, 0) -> 0 | D41: 5 | I41: 10 | J41: =IF((Sheet2!L56+C32)<=200, 910, IF((Sheet2!L56+C32)<=400, 1600, 7300)) -> 7300 | K41: =INT(IF((Sheet2!L56+C32)<=200, (Sheet2!L56+C32)*120, IF((Sheet2!L56+C32)<=400, 24000+((Sheet2!L56+C32)-200)*214.6, 66920+((Sheet2!L56+C32)-400)*307.3))) -> 418055 | L41: =INT((Sheet2!L56+C32)*9) -> 13883 | M41: =INT((Sheet2!L56+C32)*5) -> 7713 | N41: =SUM(J41:M41) -> 446951 | O41: =ROUND(N41*0.1, 0) -> 44695 | P41: =FLOOR(N41*0.027, 10) -> 12060 | Q41: =FLOOR(N41+O41+P41, 10) -> 503700 | R41: =MAX(Q41-BB15,0) -> 55080
B42: 6 | C42: =IFERROR(INDEX($AR$5:$AR$21, MATCH(Sheet2!$C$19, $AK$5:$AK$21, 0)) * Sheet2!$C$29, 0) -> 0 | D42: 6 | I42: 11 | J42: =IF((Sheet2!M56+C33)<=200, 910, IF((Sheet2!M56+C33)<=400, 1600, 7300)) -> 7300 | K42: =INT(IF((Sheet2!M56+C33)<=200, (Sheet2!M56+C33)*120, IF((Sheet2!M56+C33)<=400, 24000+((Sheet2!M56+C33)-200)*214.6, 66920+((Sheet2!M56+C33)-400)*307.3))) -> 429599 | L42: =INT((Sheet2!M56+C33)*9) -> 14221 | M42: =INT((Sheet2!M56+C33)*5) -> 7901 | N42: =SUM(J42:M42) -> 459021 | O42: =ROUND(N42*0.1, 0) -> 45902 | P42: =FLOOR(N42*0.027, 10) -> 12390 | Q42: =FLOOR(N42+O42+P42, 10) -> 517310 | R42: =MAX(Q42-BB16,0) -> 92440
B43: 7 | C43: =IFERROR(INDEX($AS$5:$AS$21, MATCH(Sheet2!$C$19, $AK$5:$AK$21, 0)) * Sheet2!$C$29, 0) -> 0 | D43: 7 | I43: 12 | J43: =IF((Sheet2!N56+C34)<=200, 910, IF((Sheet2!N56+C34)<=400, 1600, 7300)) -> 7300 | K43: =INT(IF((Sheet2!N56+C34)<=200, (Sheet2!N56+C34)*120, IF((Sheet2!N56+C34)<=400, 24000+((Sheet2!N56+C34)-200)*214.6, 66920+((Sheet2!N56+C34)-400)*307.3)))+INT(MAX((Sheet2!N56+C34)-1000,0)*(736.2-307.3)) -> 874363 | L43: =INT((Sheet2!N56+C34)*9) -> 16616 | M43: =INT((Sheet2!N56+C34)*5) -> 9231 | N43: =SUM(J43:M43) -> 907510 | O43: =ROUND(N43*0.1, 0) -> 90751 | P43: =FLOOR(N43*0.027, 10) -> 24500 | Q43: =FLOOR(N43+O43+P43, 10) -> 1022760 | R43: =MAX(Q43-BB17,0) -> 393640
B44: 8 | C44: =IFERROR(INDEX($AT$5:$AT$21, MATCH(Sheet2!$C$19, $AK$5:$AK$21, 0)) * Sheet2!$C$29, 0) -> 0 | D44: 8 | I44: LPG->HP | J44: 기본요금 | K44: 사용량요금 | L44: 기후환경요금 | M44: 연료비조정요금 | N44: 전기요금계 | O44: 부가가치세 | P44: 전력산업기반기금 | Q44: 청구요금합계 | R44: HP전기요금 | S44: =SUM(R45:R56) -> 2998840 | T44: =Sheet2!O18 -> 1620551.6 | U44: =(T44-S44)/T44 -> -0.85050569
B45: 9 | C45: =IFERROR(INDEX($AU$5:$AU$21, MATCH(Sheet2!$C$19, $AK$5:$AK$21, 0)) * Sheet2!$C$29, 0) -> 0 | D45: 9 | I45: 1 | J45: =IF((Sheet2!C57+C23)<=200, 910, IF((Sheet2!C57+C23)<=400, 1600, 7300)) -> 7300 | K45: =INT(IF((Sheet2!C57+C23)<=200, (Sheet2!C57+C23)*120, IF((Sheet2!C57+C23)<=400, 24000+((Sheet2!C57+C23)-200)*214.6, 66920+((Sheet2!C57+C23)-400)*307.3)))+INT(MAX((Sheet2!C57+C23)-1000,0)*(736.2-307.3)) -> 1371866 | L45: =INT((Sheet2!C57+C23)*9) -> 22698 | M45: =INT((Sheet2!C57+C23)*5) -> 12610 | N45: =SUM(J45:M45) -> 1414474 | O45: =ROUND(N45*0.1, 0) -> 141447 | P45: =FLOOR(N45*0.027, 10) -> 38190 | Q45: =FLOOR(N45+O45+P45, 10) -> 1594110 | R45: =MAX(Q45-BB6,0) -> 864160
B46: 10 | C46: =IFERROR(INDEX($AV$5:$AV$21, MATCH(Sheet2!$C$19, $AK$5:$AK$21, 0)) * Sheet2!$C$29, 0) -> 0 | D46: 10 | I46: 2 | J46: =IF((Sheet2!D57+C24)<=200, 910, IF((Sheet2!D57+C24)<=400, 1600, 7300)) -> 7300 | K46: =INT(IF((Sheet2!D57+C24)<=200, (Sheet2!D57+C24)*120, IF((Sheet2!D57+C24)<=400, 24000+((Sheet2!D57+C24)-200)*214.6, 66920+((Sheet2!D57+C24)-400)*307.3)))+INT(MAX((Sheet2!D57+C24)-1000,0)*(736.2-307.3)) -> 1287210 | L46: =INT((Sheet2!D57+C24)*9) -> 21663 | M46: =INT((Sheet2!D57+C24)*5) -> 12035 | N46: =SUM(J46:M46) -> 1328208 | O46: =ROUND(N46*0.1, 0) -> 132821 | P46: =FLOOR(N46*0.027, 10) -> 35860 | Q46: =FLOOR(N46+O46+P46, 10) -> 1496880 | R46: =MAX(Q46-BB7,0) -> 757990
B47: 11 | C47: =IFERROR(INDEX($AW$5:$AW$21, MATCH(Sheet2!$C$19, $AK$5:$AK$21, 0)) * Sheet2!$C$29, 0) -> 0 | D47: 11 | I47: 3 | J47: =IF((Sheet2!E57+C25)<=200, 910, IF((Sheet2!E57+C25)<=400, 1600, 7300)) -> 7300 | K47: =INT(IF((Sheet2!E57+C25)<=200, (Sheet2!E57+C25)*120, IF((Sheet2!E57+C25)<=400, 24000+((Sheet2!E57+C25)-200)*214.6, 66920+((Sheet2!E57+C25)-400)*307.3))) -> 559521 | L47: =INT((Sheet2!E57+C25)*9) -> 18026 | M47: =INT((Sheet2!E57+C25)*5) -> 10014 | N47: =SUM(J47:M47) -> 594861 | O47: =ROUND(N47*0.1, 0) -> 59486 | P47: =FLOOR(N47*0.027, 10) -> 16060 | Q47: =FLOOR(N47+O47+P47, 10) -> 670400 | R47: =MAX(Q47-BB8,0) -> 249780
B48: 12 | C48: =IFERROR(INDEX($AX$5:$AX$21, MATCH(Sheet2!$C$19, $AK$5:$AK$21, 0)) * Sheet2!$C$29, 0) -> 0 | D48: 12 | I48: 4 | J48: =IF((Sheet2!F57+C26)<=200, 910, IF((Sheet2!F57+C26)<=400, 1600, 7300)) -> 7300 | K48: =INT(IF((Sheet2!F57+C26)<=200, (Sheet2!F57+C26)*120, IF((Sheet2!F57+C26)<=400, 24000+((Sheet2!F57+C26)-200)*214.6, 66920+((Sheet2!F57+C26)-400)*307.3))) -> 434909 | L48: =INT((Sheet2!F57+C26)*9) -> 14377 | M48: =INT((Sheet2!F57+C26)*5) -> 7987 | N48: =SUM(J48:M48) -> 464573 | O48: =ROUND(N48*0.1, 0) -> 46457 | P48: =FLOOR(N48*0.027, 10) -> 12540 | Q48: =FLOOR(N48+O48+P48, 10) -> 523570 | R48: =MAX(Q48-BB9,0) -> 101120
I49: 5 | J49: =IF((Sheet2!G57+C27)<=200, 910, IF((Sheet2!G57+C27)<=400, 1600, 7300)) -> 7300 | K49: =INT(IF((Sheet2!G57+C27)<=200, (Sheet2!G57+C27)*120, IF((Sheet2!G57+C27)<=400, 24000+((Sheet2!G57+C27)-200)*214.6, 66920+((Sheet2!G57+C27)-400)*307.3))) -> 373649 | L49: =INT((Sheet2!G57+C27)*9) -> 12583 | M49: =INT((Sheet2!G57+C27)*5) -> 6990 | N49: =SUM(J49:M49) -> 400522 | O49: =ROUND(N49*0.1, 0) -> 40052 | P49: =FLOOR(N49*0.027, 10) -> 10810 | Q49: =FLOOR(N49+O49+P49, 10) -> 451380 | R49: =MAX(Q49-BB10,0) -> 58240
I50: 6 | J50: =IF((Sheet2!H57+C28)<=200, 910, IF((Sheet2!H57+C28)<=400, 1600, 7300)) -> 7300 | K50: =INT(IF((Sheet2!H57+C28)<=200, (Sheet2!H57+C28)*120, IF((Sheet2!H57+C28)<=400, 24000+((Sheet2!H57+C28)-200)*214.6, 66920+((Sheet2!H57+C28)-400)*307.3))) -> 383295 | L50: =INT((Sheet2!H57+C28)*9) -> 12865 | M50: =INT((Sheet2!H57+C28)*5) -> 7147 | N50: =SUM(J50:M50) -> 410607 | O50: =ROUND(N50*0.1, 0) -> 41061 | P50: =FLOOR(N50*0.027, 10) -> 11080 | Q50: =FLOOR(N50+O50+P50, 10) -> 462740 | R50: =MAX(Q50-BB11,0) -> 39810
I51: 7 | J51: =IF((Sheet2!I57+C29)<=300, 910, IF((Sheet2!I57+C29)<=450, 1600, 7300)) -> 7300 | K51: =INT(IF((Sheet2!I57+C29)<=300, (Sheet2!I57+C29)*120, IF((Sheet2!I57+C29)<=450, 36000+((Sheet2!I57+C29)-300)*214.6, 68190+((Sheet2!I57+C29)-450)*307.3)))+INT(MAX((Sheet2!I57+C29)-1000,0)*(736.2-307.3)) -> 803348 | L51: =INT((Sheet2!I57+C29)*9) -> 15921 | M51: =INT((Sheet2!I57+C29)*5) -> 8845 | N51: =SUM(J51:M51) -> 835414 | O51: =ROUND(N51*0.1, 0) -> 83541 | P51: =FLOOR(N51*0.027, 10) -> 22550 | Q51: =FLOOR(N51+O51+P51, 10) -> 941500 | R51: =MAX(Q51-BB12,0) -> 60050
I52: 8 | J52: =IF((Sheet2!J57+C30)<=300, 910, IF((Sheet2!J57+C30)<=450, 1600, 7300)) -> 7300 | K52: =INT(IF((Sheet2!J57+C30)<=300, (Sheet2!J57+C30)*120, IF((Sheet2!J57+C30)<=450, 36000+((Sheet2!J57+C30)-300)*214.6, 68190+((Sheet2!J57+C30)-450)*307.3)))+INT(MAX((Sheet2!J57+C30)-1000,0)*(736.2-307.3)) -> 1123602 | L52: =INT((Sheet2!J57+C30)*9) -> 19836 | M52: =INT((Sheet2!J57+C30)*5) -> 11020 | N52: =SUM(J52:M52) -> 1161758 | O52: =ROUND(N52*0.1, 0) -> 116176 | P52: =FLOOR(N52*0.027, 10) -> 31360 | Q52: =FLOOR(N52+O52+P52, 10) -> 1309290 | R52: =MAX(Q52-BB13,0) -> 59680
I53: 9 | J53: =IF((Sheet2!K57+C31)<=200, 910, IF((Sheet2!K57+C31)<=400, 1600, 7300)) -> 7300 | K53: =INT(IF((Sheet2!K57+C31)<=200, (Sheet2!K57+C31)*120, IF((Sheet2!K57+C31)<=400, 24000+((Sheet2!K57+C31)-200)*214.6, 66920+((Sheet2!K57+C31)-400)*307.3))) -> 587898 | L53: =INT((Sheet2!K57+C31)*9) -> 18858 | M53: =INT((Sheet2!K57+C31)*5) -> 10476 | N53: =SUM(J53:M53) -> 624532 | O53: =ROUND(N53*0.1, 0) -> 62453 | P53: =FLOOR(N53*0.027, 10) -> 16860 | Q53: =FLOOR(N53+O53+P53, 10) -> 703840 | R53: =MAX(Q53-BB14,0) -> 47600
I54: 10 | J54: =IF((Sheet2!L57+C32)<=200, 910, IF((Sheet2!L57+C32)<=400, 1600, 7300)) -> 7300 | K54: =INT(IF((Sheet2!L57+C32)<=200, (Sheet2!L57+C32)*120, IF((Sheet2!L57+C32)<=400, 24000+((Sheet2!L57+C32)-200)*214.6, 66920+((Sheet2!L57+C32)-400)*307.3))) -> 436995 | L54: =INT((Sheet2!L57+C32)*9) -> 14438 | M54: =INT((Sheet2!L57+C32)*5) -> 8021 | N54: =SUM(J54:M54) -> 466754 | O54: =ROUND(N54*0.1, 0) -> 46675 | P54: =FLOOR(N54*0.027, 10) -> 12600 | Q54: =FLOOR(N54+O54+P54, 10) -> 526020 | R54: =MAX(Q54-BB15,0) -> 77400
I55: 11 | J55: =IF((Sheet2!M57+C33)<=200, 910, IF((Sheet2!M57+C33)<=400, 1600, 7300)) -> 7300 | K55: =INT(IF((Sheet2!M57+C33)<=200, (Sheet2!M57+C33)*120, IF((Sheet2!M57+C33)<=400, 24000+((Sheet2!M57+C33)-200)*214.6, 66920+((Sheet2!M57+C33)-400)*307.3))) -> 461382 | L55: =INT((Sheet2!M57+C33)*9) -> 15152 | M55: =INT((Sheet2!M57+C33)*5) -> 8418 | N55: =SUM(J55:M55) -> 492252 | O55: =ROUND(N55*0.1, 0) -> 49225 | P55: =FLOOR(N55*0.027, 10) -> 13290 | Q55: =FLOOR(N55+O55+P55, 10) -> 554760 | R55: =MAX(Q55-BB16,0) -> 129890
I56: 12 | J56: =IF((Sheet2!N57+C34)<=200, 910, IF((Sheet2!N57+C34)<=400, 1600, 7300)) -> 7300 | K56: =INT(IF((Sheet2!N57+C34)<=200, (Sheet2!N57+C34)*120, IF((Sheet2!N57+C34)<=400, 24000+((Sheet2!N57+C34)-200)*214.6, 66920+((Sheet2!N57+C34)-400)*307.3)))+INT(MAX((Sheet2!N57+C34)-1000,0)*(736.2-307.3)) -> 1013238 | L56: =INT((Sheet2!N57+C34)*9) -> 18314 | M56: =INT((Sheet2!N57+C34)*5) -> 10174 | N56: =SUM(J56:M56) -> 1049026 | O56: =ROUND(N56*0.1, 0) -> 104903 | P56: =FLOOR(N56*0.027, 10) -> 28320 | Q56: =FLOOR(N56+O56+P56, 10) -> 1182240 | R56: =MAX(Q56-BB17,0) -> 553120
H57: 누진제 태O | I57: 도시가스(컨덴싱)->HP | J57: 기본요금 | K57: 사용량요금 | L57: 기후환경요금 | M57: 연료비조정요금 | N57: 전기요금계 | O57: 부가가치세 | P57: 전력산업기반기금 | Q57: 청구요금합계 | R57: HP전기요금 | S57: =SUM(R58:R69) -> 3483280 | T57: =Sheet2!O18 -> 1620551.6 | U57: =(T57-S57)/T57 -> -1.1494409
I58: 1 | J58: =IF(MAX(Sheet2!C54+C23-C37,0)<=200, 910, IF(MAX(Sheet2!C54+C23-C37,0)<=400, 1600, 7300)) -> 7300 | K58: =INT(IF(MAX(Sheet2!C54+C23-C37,0)<=200, MAX(Sheet2!C54+C23-C37,0)*120, IF(MAX(Sheet2!C54+C23-C37,0)<=400, 24000+(MAX(Sheet2!C54+C23-C37,0)-200)*214.6, 66920+(MAX(Sheet2!C54+C23-C37,0)-400)*307.3)))+INT(MAX(MAX(Sheet2!C54+C23-C37,0)-1000,0)*(736.2-307.3)) -> 1493421 | L58: =INT(MAX(Sheet2!C54+C23-C37,0)*9) -> 24184 | M58: =INT(MAX(Sheet2!C54+C23-C37,0)*5) -> 13436 | N58: =SUM(J58:M58) -> 1538341 | O58: =ROUND(N58*0.1, 0) -> 153834 | P58: =FLOOR(N58*0.027, 10) -> 41530 | Q58: =FLOOR(N58+O58+P58, 10) -> 1733700 | R58: =MAX(Q58-BC6,0) -> 1003750
I59: 2 | J59: =IF(MAX(Sheet2!D54+C24-C38,0)<=200, 910, IF(MAX(Sheet2!D54+C24-C38,0)<=400, 1600, 7300)) -> 7300 | K59: =INT(IF(MAX(Sheet2!D54+C24-C38,0)<=200, MAX(Sheet2!D54+C24-C38,0)*120, IF(MAX(Sheet2!D54+C24-C38,0)<=400, 24000+(MAX(Sheet2!D54+C24-C38,0)-200)*214.6, 66920+(MAX(Sheet2!D54+C24-C38,0)-400)*307.3)))+INT(MAX(MAX(Sheet2!D54+C24-C38,0)-1000,0)*(736.2-307.3)) -> 1393831 | L59: =INT(MAX(Sheet2!D54+C24-C38,0)*9) -> 22967 | M59: =INT(MAX(Sheet2!D54+C24-C38,0)*5) -> 12759 | N59: =SUM(J59:M59) -> 1436857 | O59: =ROUND(N59*0.1, 0) -> 143686 | P59: =FLOOR(N59*0.027, 10) -> 38790 | Q59: =FLOOR(N59+O59+P59, 10) -> 1619330 | R59: =MAX(Q59-BC7,0) -> 880440
I60: 3 | J60: =IF(MAX(Sheet2!E54+C25-C39,0)<=200, 910, IF(MAX(Sheet2!E54+C25-C39,0)<=400, 1600, 7300)) -> 7300 | K60: =INT(IF(MAX(Sheet2!E54+C25-C39,0)<=200, MAX(Sheet2!E54+C25-C39,0)*120, IF(MAX(Sheet2!E54+C25-C39,0)<=400, 24000+(MAX(Sheet2!E54+C25-C39,0)-200)*214.6, 66920+(MAX(Sheet2!E54+C25-C39,0)-400)*307.3))) -> 593764 | L60: =INT(MAX(Sheet2!E54+C25-C39,0)*9) -> 19029 | M60: =INT(MAX(Sheet2!E54+C25-C39,0)*5) -> 10572 | N60: =SUM(J60:M60) -> 630665 | O60: =ROUND(N60*0.1, 0) -> 63067 | P60: =FLOOR(N60*0.027, 10) -> 17020 | Q60: =FLOOR(N60+O60+P60, 10) -> 710750 | R60: =MAX(Q60-BC8,0) -> 290130
I61: 4 | J61: =IF(MAX(Sheet2!F54+C26-C40,0)<=200, 910, IF(MAX(Sheet2!F54+C26-C40,0)<=400, 1600, 7300)) -> 7300 | K61: =INT(IF(MAX(Sheet2!F54+C26-C40,0)<=200, MAX(Sheet2!F54+C26-C40,0)*120, IF(MAX(Sheet2!F54+C26-C40,0)<=400, 24000+(MAX(Sheet2!F54+C26-C40,0)-200)*214.6, 66920+(MAX(Sheet2!F54+C26-C40,0)-400)*307.3))) -> 448773 | L61: =INT(MAX(Sheet2!F54+C26-C40,0)*9) -> 14783 | M61: =INT(MAX(Sheet2!F54+C26-C40,0)*5) -> 8213 | N61: =SUM(J61:M61) -> 479069 | O61: =ROUND(N61*0.1, 0) -> 47907 | P61: =FLOOR(N61*0.027, 10) -> 12930 | Q61: =FLOOR(N61+O61+P61, 10) -> 539900 | R61: =MAX(Q61-BC9,0) -> 117450
I62: 5 | J62: =IF(MAX(Sheet2!G54+C27-C41,0)<=200, 910, IF(MAX(Sheet2!G54+C27-C41,0)<=400, 1600, 7300)) -> 7300 | K62: =INT(IF(MAX(Sheet2!G54+C27-C41,0)<=200, MAX(Sheet2!G54+C27-C41,0)*120, IF(MAX(Sheet2!G54+C27-C41,0)<=400, 24000+(MAX(Sheet2!G54+C27-C41,0)-200)*214.6, 66920+(MAX(Sheet2!G54+C27-C41,0)-400)*307.3))) -> 381632 | L62: =INT(MAX(Sheet2!G54+C27-C41,0)*9) -> 12817 | M62: =INT(MAX(Sheet2!G54+C27-C41,0)*5) -> 7120 | N62: =SUM(J62:M62) -> 408869 | O62: =ROUND(N62*0.1, 0) -> 40887 | P62: =FLOOR(N62*0.027, 10) -> 11030 | Q62: =FLOOR(N62+O62+P62, 10) -> 460780 | R62: =MAX(Q62-BC10,0) -> 67640
I63: 6 | J63: =IF(MAX(Sheet2!H54+C28-C42,0)<=200, 910, IF(MAX(Sheet2!H54+C28-C42,0)<=400, 1600, 7300)) -> 7300 | K63: =INT(IF(MAX(Sheet2!H54+C28-C42,0)<=200, MAX(Sheet2!H54+C28-C42,0)*120, IF(MAX(Sheet2!H54+C28-C42,0)<=400, 24000+(MAX(Sheet2!H54+C28-C42,0)-200)*214.6, 66920+(MAX(Sheet2!H54+C28-C42,0)-400)*307.3))) -> 388753 | L63: =INT(MAX(Sheet2!H54+C28-C42,0)*9) -> 13025 | M63: =INT(MAX(Sheet2!H54+C28-C42,0)*5) -> 7236 | N63: =SUM(J63:M63) -> 416314 | O63: =ROUND(N63*0.1, 0) -> 41631 | P63: =FLOOR(N63*0.027, 10) -> 11240 | Q63: =FLOOR(N63+O63+P63, 10) -> 469180 | R63: =MAX(Q63-BC11,0) -> 46250
I64: 7 | J64: =IF(MAX(Sheet2!I54+C29-C43,0)<=300, 910, IF(MAX(Sheet2!I54+C29-C43,0)<=450, 1600, 7300)) -> 7300 | K64: =INT(IF(MAX(Sheet2!I54+C29-C43,0)<=300, MAX(Sheet2!I54+C29-C43,0)*120, IF(MAX(Sheet2!I54+C29-C43,0)<=450, 36000+(MAX(Sheet2!I54+C29-C43,0)-300)*214.6, 68190+(MAX(Sheet2!I54+C29-C43,0)-450)*307.3)))+INT(MAX(MAX(Sheet2!I54+C29-C43,0)-1000,0)*(736.2-307.3)) -> 811795 | L64: =INT(MAX(Sheet2!I54+C29-C43,0)*9) -> 16024 | M64: =INT(MAX(Sheet2!I54+C29-C43,0)*5) -> 8902 | N64: =SUM(J64:M64) -> 844021 | O64: =ROUND(N64*0.1, 0) -> 84402 | P64: =FLOOR(N64*0.027, 10) -> 22780 | Q64: =FLOOR(N64+O64+P64, 10) -> 951200 | R64: =MAX(Q64-BC12,0) -> 69750
I65: 8 | J65: =IF(MAX(Sheet2!J54+C30-C44,0)<=300, 910, IF(MAX(Sheet2!J54+C30-C44,0)<=450, 1600, 7300)) -> 7300 | K65: =INT(IF(MAX(Sheet2!J54+C30-C44,0)<=300, MAX(Sheet2!J54+C30-C44,0)*120, IF(MAX(Sheet2!J54+C30-C44,0)<=450, 36000+(MAX(Sheet2!J54+C30-C44,0)-300)*214.6, 68190+(MAX(Sheet2!J54+C30-C44,0)-450)*307.3)))+INT(MAX(MAX(Sheet2!J54+C30-C44,0)-1000,0)*(736.2-307.3)) -> 1131996 | L65: =INT(MAX(Sheet2!J54+C30-C44,0)*9) -> 19938 | M65: =INT(MAX(Sheet2!J54+C30-C44,0)*5) -> 11077 | N65: =SUM(J65:M65) -> 1170311 | O65: =ROUND(N65*0.1, 0) -> 117031 | P65: =FLOOR(N65*0.027, 10) -> 31590 | Q65: =FLOOR(N65+O65+P65, 10) -> 1318930 | R65: =MAX(Q65-BC13,0) -> 69320
I66: 9 | J66: =IF(MAX(Sheet2!K54+C31-C45,0)<=200, 910, IF(MAX(Sheet2!K54+C31-C45,0)<=400, 1600, 7300)) -> 7300 | K66: =INT(IF(MAX(Sheet2!K54+C31-C45,0)<=200, MAX(Sheet2!K54+C31-C45,0)*120, IF(MAX(Sheet2!K54+C31-C45,0)<=400, 24000+(MAX(Sheet2!K54+C31-C45,0)-200)*214.6, 66920+(MAX(Sheet2!K54+C31-C45,0)-400)*307.3))) -> 594424 | L66: =INT(MAX(Sheet2!K54+C31-C45,0)*9) -> 19049 | M66: =INT(MAX(Sheet2!K54+C31-C45,0)*5) -> 10582 | N66: =SUM(J66:M66) -> 631355 | O66: =ROUND(N66*0.1, 0) -> 63136 | P66: =FLOOR(N66*0.027, 10) -> 17040 | Q66: =FLOOR(N66+O66+P66, 10) -> 711530 | R66: =MAX(Q66-BC14,0) -> 55290
I67: 10 | J67: =IF(MAX(Sheet2!L54+C32-C46,0)<=200, 910, IF(MAX(Sheet2!L54+C32-C46,0)<=400, 1600, 7300)) -> 7300 | K67: =INT(IF(MAX(Sheet2!L54+C32-C46,0)<=200, MAX(Sheet2!L54+C32-C46,0)*120, IF(MAX(Sheet2!L54+C32-C46,0)<=400, 24000+(MAX(Sheet2!L54+C32-C46,0)-200)*214.6, 66920+(MAX(Sheet2!L54+C32-C46,0)-400)*307.3))) -> 447606 | L67: =INT(MAX(Sheet2!L54+C32-C46,0)*9) -> 14749 | M67: =INT(MAX(Sheet2!L54+C32-C46,0)*5) -> 8194 | N67: =SUM(J67:M67) -> 477849 | O67: =ROUND(N67*0.1, 0) -> 47785 | P67: =FLOOR(N67*0.027, 10) -> 12900 | Q67: =FLOOR(N67+O67+P67, 10) -> 538530 | R67: =MAX(Q67-BC15,0) -> 89910
I68: 11 | J68: =IF(MAX(Sheet2!M54+C33-C47,0)<=200, 910, IF(MAX(Sheet2!M54+C33-C47,0)<=400, 1600, 7300)) -> 7300 | K68: =INT(IF(MAX(Sheet2!M54+C33-C47,0)<=200, MAX(Sheet2!M54+C33-C47,0)*120, IF(MAX(Sheet2!M54+C33-C47,0)<=400, 24000+(MAX(Sheet2!M54+C33-C47,0)-200)*214.6, 66920+(MAX(Sheet2!M54+C33-C47,0)-400)*307.3))) -> 479187 | L68: =INT(MAX(Sheet2!M54+C33-C47,0)*9) -> 15674 | M68: =INT(MAX(Sheet2!M54+C33-C47,0)*5) -> 8707 | N68: =SUM(J68:M68) -> 510868 | O68: =ROUND(N68*0.1, 0) -> 51087 | P68: =FLOOR(N68*0.027, 10) -> 13790 | Q68: =FLOOR(N68+O68+P68, 10) -> 575740 | R68: =MAX(Q68-BC16,0) -> 150870
I69: 12 | J69: =IF(MAX(Sheet2!N54+C34-C48,0)<=200, 910, IF(MAX(Sheet2!N54+C34-C48,0)<=400, 1600, 7300)) -> 7300 | K69: =INT(IF(MAX(Sheet2!N54+C34-C48,0)<=200, MAX(Sheet2!N54+C34-C48,0)*120, IF(MAX(Sheet2!N54+C34-C48,0)<=400, 24000+(MAX(Sheet2!N54+C34-C48,0)-200)*214.6, 66920+(MAX(Sheet2!N54+C34-C48,0)-400)*307.3)))+INT(MAX(MAX(Sheet2!N54+C34-C48,0)-1000,0)*(736.2-307.3)) -> 1091042 | L69: =INT(MAX(Sheet2!N54+C34-C48,0)*9) -> 19265 | M69: =INT(MAX(Sheet2!N54+C34-C48,0)*5) -> 10703 | N69: =SUM(J69:M69) -> 1128310 | O69: =ROUND(N69*0.1, 0) -> 112831 | P69: =FLOOR(N69*0.027, 10) -> 30460 | Q69: =FLOOR(N69+O69+P69, 10) -> 1271600 | R69: =MAX(Q69-BC17,0) -> 642480
I70: 도시가스(일반)->HP | J70: 기본요금 | K70: 사용량요금 | L70: 기후환경요금 | M70: 연료비조정요금 | N70: 전기요금계 | O70: 부가가치세 | P70: 전력산업기반기금 | Q70: 청구요금합계 | R70: HP전기요금 | S70: =SUM(R71:R82) -> 3142520 | T70: =Sheet2!O18 -> 1620551.6 | U70: =(T70-S70)/T70 -> -0.93916686
I71: 1 | J71: =IF(MAX(Sheet2!C55+C23-C37,0)<=200, 910, IF(MAX(Sheet2!C55+C23-C37,0)<=400, 1600, 7300)) -> 7300 | K71: =INT(IF(MAX(Sheet2!C55+C23-C37,0)<=200, MAX(Sheet2!C55+C23-C37,0)*120, IF(MAX(Sheet2!C55+C23-C37,0)<=400, 24000+(MAX(Sheet2!C55+C23-C37,0)-200)*214.6, 66920+(MAX(Sheet2!C55+C23-C37,0)-400)*307.3)))+INT(MAX(MAX(Sheet2!C55+C23-C37,0)-1000,0)*(736.2-307.3)) -> 1407919 | L71: =INT(MAX(Sheet2!C55+C23-C37,0)*9) -> 23139 | M71: =INT(MAX(Sheet2!C55+C23-C37,0)*5) -> 12855 | N71: =SUM(J71:M71) -> 1451213 | O71: =ROUND(N71*0.1, 0) -> 145121 | P71: =FLOOR(N71*0.027, 10) -> 39180 | Q71: =FLOOR(N71+O71+P71, 10) -> 1635510 | R71: =MAX(Q71-BC6,0) -> 905560
I72: 2 | J72: =IF(MAX(Sheet2!D55+C24-C38,0)<=200, 910, IF(MAX(Sheet2!D55+C24-C38,0)<=400, 1600, 7300)) -> 7300 | K72: =INT(IF(MAX(Sheet2!D55+C24-C38,0)<=200, MAX(Sheet2!D55+C24-C38,0)*120, IF(MAX(Sheet2!D55+C24-C38,0)<=400, 24000+(MAX(Sheet2!D55+C24-C38,0)-200)*214.6, 66920+(MAX(Sheet2!D55+C24-C38,0)-400)*307.3)))+INT(MAX(MAX(Sheet2!D55+C24-C38,0)-1000,0)*(736.2-307.3)) -> 1318833 | L72: =INT(MAX(Sheet2!D55+C24-C38,0)*9) -> 22050 | M72: =INT(MAX(Sheet2!D55+C24-C38,0)*5) -> 12250 | N72: =SUM(J72:M72) -> 1360433 | O72: =ROUND(N72*0.1, 0) -> 136043 | P72: =FLOOR(N72*0.027, 10) -> 36730 | Q72: =FLOOR(N72+O72+P72, 10) -> 1533200 | R72: =MAX(Q72-BC7,0) -> 794310
I73: 3 | J73: =IF(MAX(Sheet2!E55+C25-C39,0)<=200, 910, IF(MAX(Sheet2!E55+C25-C39,0)<=400, 1600, 7300)) -> 7300 | K73: =INT(IF(MAX(Sheet2!E55+C25-C39,0)<=200, MAX(Sheet2!E55+C25-C39,0)*120, IF(MAX(Sheet2!E55+C25-C39,0)<=400, 24000+(MAX(Sheet2!E55+C25-C39,0)-200)*214.6, 66920+(MAX(Sheet2!E55+C25-C39,0)-400)*307.3))) -> 569678 | L73: =INT(MAX(Sheet2!E55+C25-C39,0)*9) -> 18324 | M73: =INT(MAX(Sheet2!E55+C25-C39,0)*5) -> 10180 | N73: =SUM(J73:M73) -> 605482 | O73: =ROUND(N73*0.1, 0) -> 60548 | P73: =FLOOR(N73*0.027, 10) -> 16340 | Q73: =FLOOR(N73+O73+P73, 10) -> 682370 | R73: =MAX(Q73-BC8,0) -> 261750
I74: 4 | J74: =IF(MAX(Sheet2!F55+C26-C40,0)<=200, 910, IF(MAX(Sheet2!F55+C26-C40,0)<=400, 1600, 7300)) -> 7300 | K74: =INT(IF(MAX(Sheet2!F55+C26-C40,0)<=200, MAX(Sheet2!F55+C26-C40,0)*120, IF(MAX(Sheet2!F55+C26-C40,0)<=400, 24000+(MAX(Sheet2!F55+C26-C40,0)-200)*214.6, 66920+(MAX(Sheet2!F55+C26-C40,0)-400)*307.3))) -> 439021 | L74: =INT(MAX(Sheet2!F55+C26-C40,0)*9) -> 14497 | M74: =INT(MAX(Sheet2!F55+C26-C40,0)*5) -> 8054 | N74: =SUM(J74:M74) -> 468872 | O74: =ROUND(N74*0.1, 0) -> 46887 | P74: =FLOOR(N74*0.027, 10) -> 12650 | Q74: =FLOOR(N74+O74+P74, 10) -> 528400 | R74: =MAX(Q74-BC9,0) -> 105950
I75: 5 | J75: =IF(MAX(Sheet2!G55+C27-C41,0)<=200, 910, IF(MAX(Sheet2!G55+C27-C41,0)<=400, 1600, 7300)) -> 7300 | K75: =INT(IF(MAX(Sheet2!G55+C27-C41,0)<=200, MAX(Sheet2!G55+C27-C41,0)*120, IF(MAX(Sheet2!G55+C27-C41,0)<=400, 24000+(MAX(Sheet2!G55+C27-C41,0)-200)*214.6, 66920+(MAX(Sheet2!G55+C27-C41,0)-400)*307.3))) -> 376017 | L75: =INT(MAX(Sheet2!G55+C27-C41,0)*9) -> 12652 | M75: =INT(MAX(Sheet2!G55+C27-C41,0)*5) -> 7029 | N75: =SUM(J75:M75) -> 402998 | O75: =ROUND(N75*0.1, 0) -> 40300 | P75: =FLOOR(N75*0.027, 10) -> 10880 | Q75: =FLOOR(N75+O75+P75, 10) -> 454170 | R75: =MAX(Q75-BC10,0) -> 61030
I76: 6 | J76: =IF(MAX(Sheet2!H55+C28-C42,0)<=200, 910, IF(MAX(Sheet2!H55+C28-C42,0)<=400, 1600, 7300)) -> 7300 | K76: =INT(IF(MAX(Sheet2!H55+C28-C42,0)<=200, MAX(Sheet2!H55+C28-C42,0)*120, IF(MAX(Sheet2!H55+C28-C42,0)<=400, 24000+(MAX(Sheet2!H55+C28-C42,0)-200)*214.6, 66920+(MAX(Sheet2!H55+C28-C42,0)-400)*307.3))) -> 384914 | L76: =INT(MAX(Sheet2!H55+C28-C42,0)*9) -> 12913 | M76: =INT(MAX(Sheet2!H55+C28-C42,0)*5) -> 7174 | N76: =SUM(J76:M76) -> 412301 | O76: =ROUND(N76*0.1, 0) -> 41230 | P76: =FLOOR(N76*0.027, 10) -> 11130 | Q76: =FLOOR(N76+O76+P76, 10) -> 464660 | R76: =MAX(Q76-BC11,0) -> 41730
I77: 7 | J77: =IF(MAX(Sheet2!I55+C29-C43,0)<=300, 910, IF(MAX(Sheet2!I55+C29-C43,0)<=450, 1600, 7300)) -> 7300 | K77: =INT(IF(MAX(Sheet2!I55+C29-C43,0)<=300, MAX(Sheet2!I55+C29-C43,0)*120, IF(MAX(Sheet2!I55+C29-C43,0)<=450, 36000+(MAX(Sheet2!I55+C29-C43,0)-300)*214.6, 68190+(MAX(Sheet2!I55+C29-C43,0)-450)*307.3)))+INT(MAX(MAX(Sheet2!I55+C29-C43,0)-1000,0)*(736.2-307.3)) -> 805854 | L77: =INT(MAX(Sheet2!I55+C29-C43,0)*9) -> 15951 | M77: =INT(MAX(Sheet2!I55+C29-C43,0)*5) -> 8862 | N77: =SUM(J77:M77) -> 837967 | O77: =ROUND(N77*0.1, 0) -> 83797 | P77: =FLOOR(N77*0.027, 10) -> 22620 | Q77: =FLOOR(N77+O77+P77, 10) -> 944380 | R77: =MAX(Q77-BC12,0) -> 62930
I78: 8 | J78: =IF(MAX(Sheet2!J55+C30-C44,0)<=300, 910, IF(MAX(Sheet2!J55+C30-C44,0)<=450, 1600, 7300)) -> 7300 | K78: =INT(IF(MAX(Sheet2!J55+C30-C44,0)<=300, MAX(Sheet2!J55+C30-C44,0)*120, IF(MAX(Sheet2!J55+C30-C44,0)<=450, 36000+(MAX(Sheet2!J55+C30-C44,0)-300)*214.6, 68190+(MAX(Sheet2!J55+C30-C44,0)-450)*307.3)))+INT(MAX(MAX(Sheet2!J55+C30-C44,0)-1000,0)*(736.2-307.3)) -> 1126091 | L78: =INT(MAX(Sheet2!J55+C30-C44,0)*9) -> 19866 | M78: =INT(MAX(Sheet2!J55+C30-C44,0)*5) -> 11036 | N78: =SUM(J78:M78) -> 1164293 | O78: =ROUND(N78*0.1, 0) -> 116429 | P78: =FLOOR(N78*0.027, 10) -> 31430 | Q78: =FLOOR(N78+O78+P78, 10) -> 1312150 | R78: =MAX(Q78-BC13,0) -> 62540
I79: 9 | J79: =IF(MAX(Sheet2!K55+C31-C45,0)<=200, 910, IF(MAX(Sheet2!K55+C31-C45,0)<=400, 1600, 7300)) -> 7300 | K79: =INT(IF(MAX(Sheet2!K55+C31-C45,0)<=200, MAX(Sheet2!K55+C31-C45,0)*120, IF(MAX(Sheet2!K55+C31-C45,0)<=400, 24000+(MAX(Sheet2!K55+C31-C45,0)-200)*214.6, 66920+(MAX(Sheet2!K55+C31-C45,0)-400)*307.3))) -> 589834 | L79: =INT(MAX(Sheet2!K55+C31-C45,0)*9) -> 18914 | M79: =INT(MAX(Sheet2!K55+C31-C45,0)*5) -> 10508 | N79: =SUM(J79:M79) -> 626556 | O79: =ROUND(N79*0.1, 0) -> 62656 | P79: =FLOOR(N79*0.027, 10) -> 16910 | Q79: =FLOOR(N79+O79+P79, 10) -> 706120 | R79: =MAX(Q79-BC14,0) -> 49880
I80: 10 | J80: =IF(MAX(Sheet2!L55+C32-C46,0)<=200, 910, IF(MAX(Sheet2!L55+C32-C46,0)<=400, 1600, 7300)) -> 7300 | K80: =INT(IF(MAX(Sheet2!L55+C32-C46,0)<=200, MAX(Sheet2!L55+C32-C46,0)*120, IF(MAX(Sheet2!L55+C32-C46,0)<=400, 24000+(MAX(Sheet2!L55+C32-C46,0)-200)*214.6, 66920+(MAX(Sheet2!L55+C32-C46,0)-400)*307.3))) -> 440142 | L80: =INT(MAX(Sheet2!L55+C32-C46,0)*9) -> 14530 | M80: =INT(MAX(Sheet2!L55+C32-C46,0)*5) -> 8072 | N80: =SUM(J80:M80) -> 470044 | O80: =ROUND(N80*0.1, 0) -> 47004 | P80: =FLOOR(N80*0.027, 10) -> 12690 | Q80: =FLOOR(N80+O80+P80, 10) -> 529730 | R80: =MAX(Q80-BC15,0) -> 81110
I81: 11 | J81: =IF(MAX(Sheet2!M55+C33-C47,0)<=200, 910, IF(MAX(Sheet2!M55+C33-C47,0)<=400, 1600, 7300)) -> 7300 | K81: =INT(IF(MAX(Sheet2!M55+C33-C47,0)<=200, MAX(Sheet2!M55+C33-C47,0)*120, IF(MAX(Sheet2!M55+C33-C47,0)<=400, 24000+(MAX(Sheet2!M55+C33-C47,0)-200)*214.6, 66920+(MAX(Sheet2!M55+C33-C47,0)-400)*307.3))) -> 466663 | L81: =INT(MAX(Sheet2!M55+C33-C47,0)*9) -> 15307 | M81: =INT(MAX(Sheet2!M55+C33-C47,0)*5) -> 8504 | N81: =SUM(J81:M81) -> 497774 | O81: =ROUND(N81*0.1, 0) -> 49777 | P81: =FLOOR(N81*0.027, 10) -> 13430 | Q81: =FLOOR(N81+O81+P81, 10) -> 560980 | R81: =MAX(Q81-BC16,0) -> 136110
I82: 12 | J82: =IF(MAX(Sheet2!N55+C34-C48,0)<=200, 910, IF(MAX(Sheet2!N55+C34-C48,0)<=400, 1600, 7300)) -> 7300 | K82: =INT(IF(MAX(Sheet2!N55+C34-C48,0)<=200, MAX(Sheet2!N55+C34-C48,0)*120, IF(MAX(Sheet2!N55+C34-C48,0)<=400, 24000+(MAX(Sheet2!N55+C34-C48,0)-200)*214.6, 66920+(MAX(Sheet2!N55+C34-C48,0)-400)*307.3)))+INT(MAX(MAX(Sheet2!N55+C34-C48,0)-1000,0)*(736.2-307.3)) -> 1036315 | L82: =INT(MAX(Sheet2!N55+C34-C48,0)*9) -> 18596 | M82: =INT(MAX(Sheet2!N55+C34-C48,0)*5) -> 10331 | N82: =SUM(J82:M82) -> 1072542 | O82: =ROUND(N82*0.1, 0) -> 107254 | P82: =FLOOR(N82*0.027, 10) -> 28950 | Q82: =FLOOR(N82+O82+P82, 10) -> 1208740 | R82: =MAX(Q82-BC17,0) -> 579620
I83: 등유->HP | J83: 기본요금 | K83: 사용량요금 | L83: 기후환경요금 | M83: 연료비조정요금 | N83: 전기요금계 | O83: 부가가치세 | P83: 전력산업기반기금 | Q83: 청구요금합계 | R83: HP전기요금 | S83: =SUM(R84:R95) -> 2134160 | T83: =Sheet2!O18 -> 1620551.6 | U83: =(T83-S83)/T83 -> -0.31693429
I84: 1 | J84: =IF(MAX(Sheet2!C56+C23-C37,0)<=200, 910, IF(MAX(Sheet2!C56+C23-C37,0)<=400, 1600, 7300)) -> 7300 | K84: =INT(IF(MAX(Sheet2!C56+C23-C37,0)<=200, MAX(Sheet2!C56+C23-C37,0)*120, IF(MAX(Sheet2!C56+C23-C37,0)<=400, 24000+(MAX(Sheet2!C56+C23-C37,0)-200)*214.6, 66920+(MAX(Sheet2!C56+C23-C37,0)-400)*307.3)))+INT(MAX(MAX(Sheet2!C56+C23-C37,0)-1000,0)*(736.2-307.3)) -> 1154898 | L84: =INT(MAX(Sheet2!C56+C23-C37,0)*9) -> 20046 | M84: =INT(MAX(Sheet2!C56+C23-C37,0)*5) -> 11136 | N84: =SUM(J84:M84) -> 1193380 | O84: =ROUND(N84*0.1, 0) -> 119338 | P84: =FLOOR(N84*0.027, 10) -> 32220 | Q84: =FLOOR(N84+O84+P84, 10) -> 1344930 | R84: =MAX(Q84-BC6,0) -> 614980
I85: 2 | J85: =IF(MAX(Sheet2!D56+C24-C38,0)<=200, 910, IF(MAX(Sheet2!D56+C24-C38,0)<=400, 1600, 7300)) -> 7300 | K85: =INT(IF(MAX(Sheet2!D56+C24-C38,0)<=200, MAX(Sheet2!D56+C24-C38,0)*120, IF(MAX(Sheet2!D56+C24-C38,0)<=400, 24000+(MAX(Sheet2!D56+C24-C38,0)-200)*214.6, 66920+(MAX(Sheet2!D56+C24-C38,0)-400)*307.3)))+INT(MAX(MAX(Sheet2!D56+C24-C38,0)-1000,0)*(736.2-307.3)) -> 1096898 | L85: =INT(MAX(Sheet2!D56+C24-C38,0)*9) -> 19337 | M85: =INT(MAX(Sheet2!D56+C24-C38,0)*5) -> 10742 | N85: =SUM(J85:M85) -> 1134277 | O85: =ROUND(N85*0.1, 0) -> 113428 | P85: =FLOOR(N85*0.027, 10) -> 30620 | Q85: =FLOOR(N85+O85+P85, 10) -> 1278320 | R85: =MAX(Q85-BC7,0) -> 539430
I86: 3 | J86: =IF(MAX(Sheet2!E56+C25-C39,0)<=200, 910, IF(MAX(Sheet2!E56+C25-C39,0)<=400, 1600, 7300)) -> 7300 | K86: =INT(IF(MAX(Sheet2!E56+C25-C39,0)<=200, MAX(Sheet2!E56+C25-C39,0)*120, IF(MAX(Sheet2!E56+C25-C39,0)<=400, 24000+(MAX(Sheet2!E56+C25-C39,0)-200)*214.6, 66920+(MAX(Sheet2!E56+C25-C39,0)-400)*307.3))) -> 498401 | L86: =INT(MAX(Sheet2!E56+C25-C39,0)*9) -> 16236 | M86: =INT(MAX(Sheet2!E56+C25-C39,0)*5) -> 9020 | N86: =SUM(J86:M86) -> 530957 | O86: =ROUND(N86*0.1, 0) -> 53096 | P86: =FLOOR(N86*0.027, 10) -> 14330 | Q86: =FLOOR(N86+O86+P86, 10) -> 598380 | R86: =MAX(Q86-BC8,0) -> 177760
I87: 4 | J87: =IF(MAX(Sheet2!F56+C26-C40,0)<=200, 910, IF(MAX(Sheet2!F56+C26-C40,0)<=400, 1600, 7300)) -> 7300 | K87: =INT(IF(MAX(Sheet2!F56+C26-C40,0)<=200, MAX(Sheet2!F56+C26-C40,0)*120, IF(MAX(Sheet2!F56+C26-C40,0)<=400, 24000+(MAX(Sheet2!F56+C26-C40,0)-200)*214.6, 66920+(MAX(Sheet2!F56+C26-C40,0)-400)*307.3))) -> 410165 | L87: =INT(MAX(Sheet2!F56+C26-C40,0)*9) -> 13652 | M87: =INT(MAX(Sheet2!F56+C26-C40,0)*5) -> 7584 | N87: =SUM(J87:M87) -> 438701 | O87: =ROUND(N87*0.1, 0) -> 43870 | P87: =FLOOR(N87*0.027, 10) -> 11840 | Q87: =FLOOR(N87+O87+P87, 10) -> 494410 | R87: =MAX(Q87-BC9,0) -> 71960
I88: 5 | J88: =IF(MAX(Sheet2!G56+C27-C41,0)<=200, 910, IF(MAX(Sheet2!G56+C27-C41,0)<=400, 1600, 7300)) -> 7300 | K88: =INT(IF(MAX(Sheet2!G56+C27-C41,0)<=200, MAX(Sheet2!G56+C27-C41,0)*120, IF(MAX(Sheet2!G56+C27-C41,0)<=400, 24000+(MAX(Sheet2!G56+C27-C41,0)-200)*214.6, 66920+(MAX(Sheet2!G56+C27-C41,0)-400)*307.3))) -> 359400 | L88: =INT(MAX(Sheet2!G56+C27-C41,0)*9) -> 12165 | M88: =INT(MAX(Sheet2!G56+C27-C41,0)*5) -> 6758 | N88: =SUM(J88:M88) -> 385623 | O88: =ROUND(N88*0.1, 0) -> 38562 | P88: =FLOOR(N88*0.027, 10) -> 10410 | Q88: =FLOOR(N88+O88+P88, 10) -> 434590 | R88: =MAX(Q88-BC10,0) -> 41450
I89: 6 | J89: =IF(MAX(Sheet2!H56+C28-C42,0)<=200, 910, IF(MAX(Sheet2!H56+C28-C42,0)<=400, 1600, 7300)) -> 7300 | K89: =INT(IF(MAX(Sheet2!H56+C28-C42,0)<=200, MAX(Sheet2!H56+C28-C42,0)*120, IF(MAX(Sheet2!H56+C28-C42,0)<=400, 24000+(MAX(Sheet2!H56+C28-C42,0)-200)*214.6, 66920+(MAX(Sheet2!H56+C28-C42,0)-400)*307.3))) -> 373552 | L89: =INT(MAX(Sheet2!H56+C28-C42,0)*9) -> 12580 | M89: =INT(MAX(Sheet2!H56+C28-C42,0)*5) -> 6989 | N89: =SUM(J89:M89) -> 400421 | O89: =ROUND(N89*0.1, 0) -> 40042 | P89: =FLOOR(N89*0.027, 10) -> 10810 | Q89: =FLOOR(N89+O89+P89, 10) -> 451270 | R89: =MAX(Q89-BC11,0) -> 28340
I90: 7 | J90: =IF(MAX(Sheet2!I56+C29-C43,0)<=300, 910, IF(MAX(Sheet2!I56+C29-C43,0)<=450, 1600, 7300)) -> 7300 | K90: =INT(IF(MAX(Sheet2!I56+C29-C43,0)<=300, MAX(Sheet2!I56+C29-C43,0)*120, IF(MAX(Sheet2!I56+C29-C43,0)<=450, 36000+(MAX(Sheet2!I56+C29-C43,0)-300)*214.6, 68190+(MAX(Sheet2!I56+C29-C43,0)-450)*307.3)))+INT(MAX(MAX(Sheet2!I56+C29-C43,0)-1000,0)*(736.2-307.3)) -> 788270 | L90: =INT(MAX(Sheet2!I56+C29-C43,0)*9) -> 15736 | M90: =INT(MAX(Sheet2!I56+C29-C43,0)*5) -> 8742 | N90: =SUM(J90:M90) -> 820048 | O90: =ROUND(N90*0.1, 0) -> 82005 | P90: =FLOOR(N90*0.027, 10) -> 22140 | Q90: =FLOOR(N90+O90+P90, 10) -> 924190 | R90: =MAX(Q90-BC12,0) -> 42740
I91: 8 | J91: =IF(MAX(Sheet2!J56+C30-C44,0)<=300, 910, IF(MAX(Sheet2!J56+C30-C44,0)<=450, 1600, 7300)) -> 7300 | K91: =INT(IF(MAX(Sheet2!J56+C30-C44,0)<=300, MAX(Sheet2!J56+C30-C44,0)*120, IF(MAX(Sheet2!J56+C30-C44,0)<=450, 36000+(MAX(Sheet2!J56+C30-C44,0)-300)*214.6, 68190+(MAX(Sheet2!J56+C30-C44,0)-450)*307.3)))+INT(MAX(MAX(Sheet2!J56+C30-C44,0)-1000,0)*(736.2-307.3)) -> 1108617 | L91: =INT(MAX(Sheet2!J56+C30-C44,0)*9) -> 19652 | M91: =INT(MAX(Sheet2!J56+C30-C44,0)*5) -> 10918 | N91: =SUM(J91:M91) -> 1146487 | O91: =ROUND(N91*0.1, 0) -> 114649 | P91: =FLOOR(N91*0.027, 10) -> 30950 | Q91: =FLOOR(N91+O91+P91, 10) -> 1292080 | R91: =MAX(Q91-BC13,0) -> 42470
I92: 9 | J92: =IF(MAX(Sheet2!K56+C31-C45,0)<=200, 910, IF(MAX(Sheet2!K56+C31-C45,0)<=400, 1600, 7300)) -> 7300 | K92: =INT(IF(MAX(Sheet2!K56+C31-C45,0)<=200, MAX(Sheet2!K56+C31-C45,0)*120, IF(MAX(Sheet2!K56+C31-C45,0)<=400, 24000+(MAX(Sheet2!K56+C31-C45,0)-200)*214.6, 66920+(MAX(Sheet2!K56+C31-C45,0)-400)*307.3))) -> 576250 | L92: =INT(MAX(Sheet2!K56+C31-C45,0)*9) -> 18516 | M92: =INT(MAX(Sheet2!K56+C31-C45,0)*5) -> 10287 | N92: =SUM(J92:M92) -> 612353 | O92: =ROUND(N92*0.1, 0) -> 61235 | P92: =FLOOR(N92*0.027, 10) -> 16530 | Q92: =FLOOR(N92+O92+P92, 10) -> 690110 | R92: =MAX(Q92-BC14,0) -> 33870
I93: 10 | J93: =IF(MAX(Sheet2!L56+C32-C46,0)<=200, 910, IF(MAX(Sheet2!L56+C32-C46,0)<=400, 1600, 7300)) -> 7300 | K93: =INT(IF(MAX(Sheet2!L56+C32-C46,0)<=200, MAX(Sheet2!L56+C32-C46,0)*120, IF(MAX(Sheet2!L56+C32-C46,0)<=400, 24000+(MAX(Sheet2!L56+C32-C46,0)-200)*214.6, 66920+(MAX(Sheet2!L56+C32-C46,0)-400)*307.3))) -> 418055 | L93: =INT(MAX(Sheet2!L56+C32-C46,0)*9) -> 13883 | M93: =INT(MAX(Sheet2!L56+C32-C46,0)*5) -> 7713 | N93: =SUM(J93:M93) -> 446951 | O93: =ROUND(N93*0.1, 0) -> 44695 | P93: =FLOOR(N93*0.027, 10) -> 12060 | Q93: =FLOOR(N93+O93+P93, 10) -> 503700 | R93: =MAX(Q93-BC15,0) -> 55080
I94: 11 | J94: =IF(MAX(Sheet2!M56+C33-C47,0)<=200, 910, IF(MAX(Sheet2!M56+C33-C47,0)<=400, 1600, 7300)) -> 7300 | K94: =INT(IF(MAX(Sheet2!M56+C33-C47,0)<=200, MAX(Sheet2!M56+C33-C47,0)*120, IF(MAX(Sheet2!M56+C33-C47,0)<=400, 24000+(MAX(Sheet2!M56+C33-C47,0)-200)*214.6, 66920+(MAX(Sheet2!M56+C33-C47,0)-400)*307.3))) -> 429599 | L94: =INT(MAX(Sheet2!M56+C33-C47,0)*9) -> 14221 | M94: =INT(MAX(Sheet2!M56+C33-C47,0)*5) -> 7901 | N94: =SUM(J94:M94) -> 459021 | O94: =ROUND(N94*0.1, 0) -> 45902 | P94: =FLOOR(N94*0.027, 10) -> 12390 | Q94: =FLOOR(N94+O94+P94, 10) -> 517310 | R94: =MAX(Q94-BC16,0) -> 92440
I95: 12 | J95: =IF(MAX(Sheet2!N56+C34-C48,0)<=200, 910, IF(MAX(Sheet2!N56+C34-C48,0)<=400, 1600, 7300)) -> 7300 | K95: =INT(IF(MAX(Sheet2!N56+C34-C48,0)<=200, MAX(Sheet2!N56+C34-C48,0)*120, IF(MAX(Sheet2!N56+C34-C48,0)<=400, 24000+(MAX(Sheet2!N56+C34-C48,0)-200)*214.6, 66920+(MAX(Sheet2!N56+C34-C48,0)-400)*307.3)))+INT(MAX(MAX(Sheet2!N56+C34-C48,0)-1000,0)*(736.2-307.3)) -> 874363 | L95: =INT(MAX(Sheet2!N56+C34-C48,0)*9) -> 16616 | M95: =INT(MAX(Sheet2!N56+C34-C48,0)*5) -> 9231 | N95: =SUM(J95:M95) -> 907510 | O95: =ROUND(N95*0.1, 0) -> 90751 | P95: =FLOOR(N95*0.027, 10) -> 24500 | Q95: =FLOOR(N95+O95+P95, 10) -> 1022760 | R95: =MAX(Q95-BC17,0) -> 393640
I96: LPG->HP | J96: 기본요금 | K96: 사용량요금 | L96: 기후환경요금 | M96: 연료비조정요금 | N96: 전기요금계 | O96: 부가가치세 | P96: 전력산업기반기금 | Q96: 청구요금합계 | R96: HP전기요금 | S96: =SUM(R97:R108) -> 2998840 | T96: =Sheet2!O18 -> 1620551.6 | U96: =(T96-S96)/T96 -> -0.85050569
I97: 1 | J97: =IF(MAX(Sheet2!C57+C23-C37,0)<=200, 910, IF(MAX(Sheet2!C57+C23-C37,0)<=400, 1600, 7300)) -> 7300 | K97: =INT(IF(MAX(Sheet2!C57+C23-C37,0)<=200, MAX(Sheet2!C57+C23-C37,0)*120, IF(MAX(Sheet2!C57+C23-C37,0)<=400, 24000+(MAX(Sheet2!C57+C23-C37,0)-200)*214.6, 66920+(MAX(Sheet2!C57+C23-C37,0)-400)*307.3)))+INT(MAX(MAX(Sheet2!C57+C23-C37,0)-1000,0)*(736.2-307.3)) -> 1371866 | L97: =INT(MAX(Sheet2!C57+C23-C37,0)*9) -> 22698 | M97: =INT(MAX(Sheet2!C57+C23-C37,0)*5) -> 12610 | N97: =SUM(J97:M97) -> 1414474 | O97: =ROUND(N97*0.1, 0) -> 141447 | P97: =FLOOR(N97*0.027, 10) -> 38190 | Q97: =FLOOR(N97+O97+P97, 10) -> 1594110 | R97: =MAX(Q97-BC6,0) -> 864160
I98: 2 | J98: =IF(MAX(Sheet2!D57+C24-C38,0)<=200, 910, IF(MAX(Sheet2!D57+C24-C38,0)<=400, 1600, 7300)) -> 7300 | K98: =INT(IF(MAX(Sheet2!D57+C24-C38,0)<=200, MAX(Sheet2!D57+C24-C38,0)*120, IF(MAX(Sheet2!D57+C24-C38,0)<=400, 24000+(MAX(Sheet2!D57+C24-C38,0)-200)*214.6, 66920+(MAX(Sheet2!D57+C24-C38,0)-400)*307.3)))+INT(MAX(MAX(Sheet2!D57+C24-C38,0)-1000,0)*(736.2-307.3)) -> 1287210 | L98: =INT(MAX(Sheet2!D57+C24-C38,0)*9) -> 21663 | M98: =INT(MAX(Sheet2!D57+C24-C38,0)*5) -> 12035 | N98: =SUM(J98:M98) -> 1328208 | O98: =ROUND(N98*0.1, 0) -> 132821 | P98: =FLOOR(N98*0.027, 10) -> 35860 | Q98: =FLOOR(N98+O98+P98, 10) -> 1496880 | R98: =MAX(Q98-BC7,0) -> 757990
I99: 3 | J99: =IF(MAX(Sheet2!E57+C25-C39,0)<=200, 910, IF(MAX(Sheet2!E57+C25-C39,0)<=400, 1600, 7300)) -> 7300 | K99: =INT(IF(MAX(Sheet2!E57+C25-C39,0)<=200, MAX(Sheet2!E57+C25-C39,0)*120, IF(MAX(Sheet2!E57+C25-C39,0)<=400, 24000+(MAX(Sheet2!E57+C25-C39,0)-200)*214.6, 66920+(MAX(Sheet2!E57+C25-C39,0)-400)*307.3))) -> 559521 | L99: =INT(MAX(Sheet2!E57+C25-C39,0)*9) -> 18026 | M99: =INT(MAX(Sheet2!E57+C25-C39,0)*5) -> 10014 | N99: =SUM(J99:M99) -> 594861 | O99: =ROUND(N99*0.1, 0) -> 59486 | P99: =FLOOR(N99*0.027, 10) -> 16060 | Q99: =FLOOR(N99+O99+P99, 10) -> 670400 | R99: =MAX(Q99-BC8,0) -> 249780
I100: 4 | J100: =IF(MAX(Sheet2!F57+C26-C40,0)<=200, 910, IF(MAX(Sheet2!F57+C26-C40,0)<=400, 1600, 7300)) -> 7300 | K100: =INT(IF(MAX(Sheet2!F57+C26-C40,0)<=200, MAX(Sheet2!F57+C26-C40,0)*120, IF(MAX(Sheet2!F57+C26-C40,0)<=400, 24000+(MAX(Sheet2!F57+C26-C40,0)-200)*214.6, 66920+(MAX(Sheet2!F57+C26-C40,0)-400)*307.3))) -> 434909 | L100: =INT(MAX(Sheet2!F57+C26-C40,0)*9) -> 14377 | M100: =INT(MAX(Sheet2!F57+C26-C40,0)*5) -> 7987 | N100: =SUM(J100:M100) -> 464573 | O100: =ROUND(N100*0.1, 0) -> 46457 | P100: =FLOOR(N100*0.027, 10) -> 12540 | Q100: =FLOOR(N100+O100+P100, 10) -> 523570 | R100: =MAX(Q100-BC9,0) -> 101120
I101: 5 | J101: =IF(MAX(Sheet2!G57+C27-C41,0)<=200, 910, IF(MAX(Sheet2!G57+C27-C41,0)<=400, 1600, 7300)) -> 7300 | K101: =INT(IF(MAX(Sheet2!G57+C27-C41,0)<=200, MAX(Sheet2!G57+C27-C41,0)*120, IF(MAX(Sheet2!G57+C27-C41,0)<=400, 24000+(MAX(Sheet2!G57+C27-C41,0)-200)*214.6, 66920+(MAX(Sheet2!G57+C27-C41,0)-400)*307.3))) -> 373649 | L101: =INT(MAX(Sheet2!G57+C27-C41,0)*9) -> 12583 | M101: =INT(MAX(Sheet2!G57+C27-C41,0)*5) -> 6990 | N101: =SUM(J101:M101) -> 400522 | O101: =ROUND(N101*0.1, 0) -> 40052 | P101: =FLOOR(N101*0.027, 10) -> 10810 | Q101: =FLOOR(N101+O101+P101, 10) -> 451380 | R101: =MAX(Q101-BC10,0) -> 58240
I102: 6 | J102: =IF(MAX(Sheet2!H57+C28-C42,0)<=200, 910, IF(MAX(Sheet2!H57+C28-C42,0)<=400, 1600, 7300)) -> 7300 | K102: =INT(IF(MAX(Sheet2!H57+C28-C42,0)<=200, MAX(Sheet2!H57+C28-C42,0)*120, IF(MAX(Sheet2!H57+C28-C42,0)<=400, 24000+(MAX(Sheet2!H57+C28-C42,0)-200)*214.6, 66920+(MAX(Sheet2!H57+C28-C42,0)-400)*307.3))) -> 383295 | L102: =INT(MAX(Sheet2!H57+C28-C42,0)*9) -> 12865 | M102: =INT(MAX(Sheet2!H57+C28-C42,0)*5) -> 7147 | N102: =SUM(J102:M102) -> 410607 | O102: =ROUND(N102*0.1, 0) -> 41061 | P102: =FLOOR(N102*0.027, 10) -> 11080 | Q102: =FLOOR(N102+O102+P102, 10) -> 462740 | R102: =MAX(Q102-BC11,0) -> 39810
...
